-- MySQL dump 10.13  Distrib 8.0.42, for macos15 (x86_64)
--
-- Host: localhost    Database: gym
-- ------------------------------------------------------
-- Server version	9.3.0

/*!40101 SET @OLD_CHARACTER_SET_CLIENT=@@CHARACTER_SET_CLIENT */;
/*!40101 SET @OLD_CHARACTER_SET_RESULTS=@@CHARACTER_SET_RESULTS */;
/*!40101 SET @OLD_COLLATION_CONNECTION=@@COLLATION_CONNECTION */;
/*!50503 SET NAMES utf8 */;
/*!40103 SET @OLD_TIME_ZONE=@@TIME_ZONE */;
/*!40103 SET TIME_ZONE='+00:00' */;
/*!40014 SET @OLD_UNIQUE_CHECKS=@@UNIQUE_CHECKS, UNIQUE_CHECKS=0 */;
/*!40014 SET @OLD_FOREIGN_KEY_CHECKS=@@FOREIGN_KEY_CHECKS, FOREIGN_KEY_CHECKS=0 */;
/*!40101 SET @OLD_SQL_MODE=@@SQL_MODE, SQL_MODE='NO_AUTO_VALUE_ON_ZERO' */;
/*!40111 SET @OLD_SQL_NOTES=@@SQL_NOTES, SQL_NOTES=0 */;

--
-- Table structure for table `branch`
--

DROP TABLE IF EXISTS `branch`;
/*!40101 SET @saved_cs_client     = @@character_set_client */;
/*!50503 SET character_set_client = utf8mb4 */;
CREATE TABLE `branch` (
  `branch_id` int NOT NULL,
  `branch_name` varchar(45) NOT NULL,
  `address` varchar(250) NOT NULL,
  `phone` varchar(45) NOT NULL,
  `capacity` int NOT NULL,
  PRIMARY KEY (`branch_id`),
  UNIQUE KEY `phone_UNIQUE` (`phone`)
) ENGINE=InnoDB DEFAULT CHARSET=utf8mb4 COLLATE=utf8mb4_0900_ai_ci;
/*!40101 SET character_set_client = @saved_cs_client */;

--
-- Dumping data for table `branch`
--

LOCK TABLES `branch` WRITE;
/*!40000 ALTER TABLE `branch` DISABLE KEYS */;
INSERT INTO `branch` VALUES (1,'SPORT İstanbul','Cad. 101, Ataşehir','02121111111',800),(2,'SPORT Ankara','Sokak 202, Çankaya','03122222222',750),(3,'SPORT İzmir','Bulvar 303, Bornova','02323333333',650),(4,'SPORT Adana','Meydan 404, Seyhan','03224444444',500),(5,'SPORT Bursa ','Mahalle 505, Nilüfer','02245555555',700),(6,'SPORT Antalya','Kıyı Cad. 606, Muratpaşa','02426666666',600),(7,'SPORT Eskişehir ','Nehir Sok. 707, Odunpazarı','02227777777',450),(8,'SPORT Kocaeli','Sanayi Cad. 808, İzmit','02628888888',550),(9,'SPORT Mersin','Sahil Bul. 909, Yenişehir','03249999999',400),(10,'SPORT Samsun','Atatürk Bul. 1010, İlkadım','03621010101',350),(11,'SPORT Kayseri','Park Cad. 1111, Melikgazi','03521111111',500),(12,'SPORT Gaziantep','Kale Sok. 1212, Şahinbey','03421212121',300);
/*!40000 ALTER TABLE `branch` ENABLE KEYS */;
UNLOCK TABLES;

--
-- Table structure for table `certificate`
--

DROP TABLE IF EXISTS `certificate`;
/*!40101 SET @saved_cs_client     = @@character_set_client */;
/*!50503 SET character_set_client = utf8mb4 */;
CREATE TABLE `certificate` (
  `certificate_id` int NOT NULL,
  `certificate_name` varchar(45) NOT NULL,
  `issuer` varchar(45) NOT NULL,
  `issue_date` datetime NOT NULL,
  PRIMARY KEY (`certificate_id`)
) ENGINE=InnoDB DEFAULT CHARSET=utf8mb4 COLLATE=utf8mb4_0900_ai_ci;
/*!40101 SET character_set_client = @saved_cs_client */;

--
-- Dumping data for table `certificate`
--

LOCK TABLES `certificate` WRITE;
/*!40000 ALTER TABLE `certificate` DISABLE KEYS */;
INSERT INTO `certificate` VALUES (101,'Personal Trainer Level 1','ACE Fitness','2022-05-01 00:00:00'),(102,'Yoga Instructor 200H','Yoga Alliance','2023-02-10 00:00:00'),(103,'Mat Pilates Instructor','PMA International','2024-01-20 00:00:00'),(104,'Group Fitness Leader','ACE Fitness','2023-09-01 00:00:00'),(105,'HIIT & Functional Training Coach','NSCA','2022-11-25 00:00:00'),(106,'Powerlifting Coaching Certification','IPF Academy','2023-03-10 00:00:00'),(107,'Cross Training Level 1','CrossFit HQ','2023-06-15 00:00:00'),(108,'Zumba Basic Instructor','Zumba International','2024-02-12 00:00:00'),(109,'Aqua Fitness Instructor','Aqua Academy','2023-07-07 00:00:00'),(110,'Indoor Cycling / Spinning Instructor','Mad Dogg Athletics','2023-08-21 00:00:00'),(111,'Lifeguard Certification','International Lifesaving Federation','2023-04-18 00:00:00');
/*!40000 ALTER TABLE `certificate` ENABLE KEYS */;
UNLOCK TABLES;

--
-- Table structure for table `class`
--

DROP TABLE IF EXISTS `class`;
/*!40101 SET @saved_cs_client     = @@character_set_client */;
/*!50503 SET character_set_client = utf8mb4 */;
CREATE TABLE `class` (
  `class_id` int NOT NULL,
  `class_name` varchar(45) NOT NULL,
  `class_type` varchar(45) NOT NULL,
  `capacity` int NOT NULL,
  `duration_min` int NOT NULL,
  `difficulty_level` varchar(10) NOT NULL,
  `description` varchar(300) DEFAULT NULL,
  `trainer_id` int DEFAULT NULL,
  `required_certificate` int DEFAULT NULL,
  PRIMARY KEY (`class_id`),
  UNIQUE KEY `class_name_UNIQUE` (`class_name`),
  KEY `trainer_id` (`trainer_id`),
  KEY `required_certificate` (`required_certificate`),
  CONSTRAINT `class_ibfk_1` FOREIGN KEY (`trainer_id`) REFERENCES `trainer` (`trainer_id`),
  CONSTRAINT `class_ibfk_2` FOREIGN KEY (`required_certificate`) REFERENCES `certificate` (`certificate_id`)
) ENGINE=InnoDB DEFAULT CHARSET=utf8mb4 COLLATE=utf8mb4_0900_ai_ci;
/*!40101 SET character_set_client = @saved_cs_client */;

--
-- Dumping data for table `class`
--

LOCK TABLES `class` WRITE;
/*!40000 ALTER TABLE `class` DISABLE KEYS */;
INSERT INTO `class` VALUES (1,'Güneş Selamlama Yoga','Yoga',25,60,'Kolay','Temel nefes teknikleri ve başlangıç seviye yoga akışları.',1201,102),(2,'Vinyasa Akış Yoga','Yoga',20,75,'Orta','Akıcı bir yoga akışı, nefes ve hareket uyumu üzerine.',1221,102),(3,'Mat Pilates Temel','Pilates',20,50,'Kolay','Temel core kaslarını güçlendirmeye yönelik Pilates dersleri.',1212,103),(4,'Reformer Pilates','Pilates',10,55,'Zor','Reformer ekipmanıyla yoğun güçlendirme çalışması.',1253,103),(5,'Full Body Powerlifting','Ağırlık',15,90,'Zor','Squat, bench press ve deadlift odaklı güç antrenmanı.',1233,106),(6,'Strength 101','Ağırlık',20,60,'Orta','Ağırlık kaldırma tekniklerine giriş düzeyi.',1314,101),(7,'Cross Training WOD','Fonksiyonel',18,50,'Zor','Yüksek yoğunluklu fonksiyonel antrenman modülü.',1313,107),(8,'HIIT Cardio Blast','Kardiyo',25,40,'Zor','Kısa, yüksek yoğunluklu intervaller ile yağ yakımı.',1231,105),(9,'Zumba Fiesta','Dans/Kardiyo',40,60,'Orta','Latin ritimleri eşliğinde eğlenceli dans kardiyo.',1224,108),(10,'Dance Fit Mix','Dans/Kardiyo',30,55,'Kolay','Hip hop, latin ve pop dans karışımı antrenman.',1224,108),(11,'Indoor Cycling Endurance','Kardiyo',35,45,'Zor','Dayanıklılık odaklı spin bike çalışması.',1205,110),(12,'Rhythm Ride Cycling','Kardiyo',30,50,'Orta','Müzik ritmine göre tempo odaklı cycling antrenmanı.',1205,110),(13,'Yüzme Temelleri 101','Yüzme',12,45,'Kolay','Suya alışma ve temel yüzme teknikleri.',1207,111),(14,'Aqua Fitness','Havuz',20,50,'Orta','Su içinde düşük eklem baskılı kardiyo ve güç antrenmanı.',1206,109),(15,'Functional Core','Fonksiyonel',20,45,'Orta','Core bölgesine odaklı fonksiyonel antrenman.',1231,105),(16,'Total Body Sculpt','Ağırlık',25,55,'Orta','Tüm vücut şekillendirme ağırlık & direnç antrenmanı.',1302,101),(17,'Stretch & Relax','Esneme',20,40,'Kolay','Vücut esnekliğini artırmaya yönelik rehberli esneme çalışması.',1302,101),(18,'Beginner Running Clinic','Kardiyo',30,60,'Kolay','Yeni başlayanlar için koşu tekniği eğitimi.',1302,101),(19,'Bootcamp Outdoors','Fonksiyonel',25,60,'Zor','Açık alanda ekipmanlı interval antrenman.',1313,107),(20,'Mobility Workshop','Esneme',20,45,'Orta','Mobilite, eklem açıklığı ve denge geliştirme dersi.',1301,105);
/*!40000 ALTER TABLE `class` ENABLE KEYS */;
UNLOCK TABLES;

--
-- Table structure for table `class_reservation`
--

DROP TABLE IF EXISTS `class_reservation`;
/*!40101 SET @saved_cs_client     = @@character_set_client */;
/*!50503 SET character_set_client = utf8mb4 */;
CREATE TABLE `class_reservation` (
  `reservation_id` int NOT NULL,
  `schedule_id` int NOT NULL,
  `member_id` int NOT NULL,
  `reservation_date` datetime DEFAULT CURRENT_TIMESTAMP,
  PRIMARY KEY (`reservation_id`),
  KEY `schedule_id` (`schedule_id`),
  KEY `member_id` (`member_id`),
  CONSTRAINT `class_reservation_ibfk_1` FOREIGN KEY (`schedule_id`) REFERENCES `class_schedule` (`schedule_id`),
  CONSTRAINT `class_reservation_ibfk_2` FOREIGN KEY (`member_id`) REFERENCES `member` (`member_id`)
) ENGINE=InnoDB DEFAULT CHARSET=utf8mb4 COLLATE=utf8mb4_general_ci;
/*!40101 SET character_set_client = @saved_cs_client */;

--
-- Dumping data for table `class_reservation`
--

LOCK TABLES `class_reservation` WRITE;
/*!40000 ALTER TABLE `class_reservation` DISABLE KEYS */;
INSERT INTO `class_reservation` VALUES (1,1,1,'2026-01-12 00:00:00'),(2,1,6,'2026-01-12 00:00:00'),(3,1,16,'2026-01-12 00:00:00'),(4,1,22,'2026-01-12 00:00:00'),(5,1,31,'2026-01-12 00:00:00'),(6,1,41,'2026-01-12 00:00:00'),(7,1,52,'2026-01-12 00:00:00'),(8,1,62,'2026-01-12 00:00:00'),(9,1,73,'2026-01-12 00:00:00'),(10,1,85,'2026-01-12 00:00:00'),(11,1,100,'2026-01-12 00:00:00'),(12,1,110,'2026-01-12 00:00:00'),(13,2,121,'2026-01-14 00:00:00'),(14,3,135,'2026-02-03 00:00:00'),(15,3,136,'2026-02-03 00:00:00'),(16,3,159,'2026-02-03 00:00:00'),(17,3,160,'2026-02-03 00:00:00'),(18,4,179,'2026-02-27 00:00:00'),(19,4,180,'2026-02-27 00:00:00'),(20,4,195,'2026-02-27 00:00:00'),(21,4,196,'2026-02-27 00:00:00'),(22,4,221,'2026-02-27 00:00:00'),(23,4,222,'2026-02-27 00:00:00'),(24,4,231,'2026-02-27 00:00:00'),(25,4,236,'2026-02-27 00:00:00'),(26,4,246,'2026-02-27 00:00:00'),(27,4,257,'2026-02-27 00:00:00'),(28,4,268,'2026-02-27 00:00:00'),(29,4,278,'2026-02-27 00:00:00'),(30,4,289,'2026-02-27 00:00:00'),(31,5,301,'2026-03-02 00:00:00'),(32,6,311,'2026-01-11 00:00:00'),(33,6,322,'2026-01-11 00:00:00'),(34,6,332,'2026-01-11 00:00:00'),(35,6,343,'2026-01-11 00:00:00'),(36,6,356,'2026-01-11 00:00:00'),(37,7,368,'2026-02-04 00:00:00'),(38,7,378,'2026-02-04 00:00:00'),(39,7,389,'2026-02-04 00:00:00'),(40,7,401,'2026-02-04 00:00:00'),(41,7,411,'2026-02-04 00:00:00'),(42,7,422,'2026-02-04 00:00:00'),(43,7,432,'2026-02-04 00:00:00'),(44,7,443,'2026-02-04 00:00:00'),(45,7,456,'2026-02-04 00:00:00'),(46,7,468,'2026-02-04 00:00:00'),(47,7,480,'2026-02-04 00:00:00'),(48,7,492,'2026-02-04 00:00:00'),(49,7,503,'2026-02-04 00:00:00'),(50,7,515,'2026-02-04 00:00:00'),(51,8,526,'2026-03-27 00:00:00'),(52,8,537,'2026-03-27 00:00:00'),(53,9,3,'2026-01-18 00:00:00'),(54,9,9,'2026-01-18 00:00:00'),(55,9,24,'2026-01-18 00:00:00'),(56,9,34,'2026-01-18 00:00:00'),(57,9,47,'2026-01-18 00:00:00'),(58,9,58,'2026-01-18 00:00:00'),(59,9,68,'2026-01-18 00:00:00'),(60,9,79,'2026-01-18 00:00:00'),(61,9,92,'2026-01-18 00:00:00'),(62,9,106,'2026-01-18 00:00:00'),(63,9,117,'2026-01-18 00:00:00'),(64,9,143,'2026-01-18 00:00:00'),(65,10,144,'2026-02-04 00:00:00'),(66,11,187,'2026-03-09 00:00:00'),(67,11,188,'2026-03-09 00:00:00'),(68,11,209,'2026-03-09 00:00:00'),(69,11,210,'2026-03-09 00:00:00'),(70,12,233,'2026-01-27 00:00:00'),(71,12,250,'2026-01-27 00:00:00'),(72,12,261,'2026-01-27 00:00:00'),(73,12,282,'2026-01-27 00:00:00'),(74,12,293,'2026-01-27 00:00:00'),(75,12,304,'2026-01-27 00:00:00'),(76,12,315,'2026-01-27 00:00:00'),(77,12,326,'2026-01-27 00:00:00'),(78,12,336,'2026-01-27 00:00:00'),(79,12,348,'2026-01-27 00:00:00'),(80,12,360,'2026-01-27 00:00:00'),(81,12,372,'2026-01-27 00:00:00'),(82,12,382,'2026-01-27 00:00:00'),(83,13,393,'2026-02-22 00:00:00'),(84,13,404,'2026-02-22 00:00:00'),(85,14,415,'2026-03-15 00:00:00'),(86,14,426,'2026-03-15 00:00:00'),(87,14,436,'2026-03-15 00:00:00'),(88,14,448,'2026-03-15 00:00:00'),(89,14,460,'2026-03-15 00:00:00'),(90,15,2,'2025-12-03 00:00:00'),(91,16,17,'2025-12-03 00:00:00'),(92,15,30,'2025-12-03 00:00:00'),(93,17,39,'2025-12-05 00:00:00'),(94,18,50,'2025-12-05 00:00:00'),(95,19,60,'2025-12-05 00:00:00'),(96,20,75,'2025-12-07 00:00:00'),(97,15,87,'2025-12-07 00:00:00'),(98,16,97,'2025-12-07 00:00:00'),(99,17,108,'2025-12-09 00:00:00'),(100,18,119,'2025-12-09 00:00:00'),(101,19,129,'2025-12-09 00:00:00'),(102,20,153,'2025-12-11 00:00:00'),(103,15,154,'2025-12-11 00:00:00'),(104,16,173,'2025-12-11 00:00:00'),(105,17,174,'2025-12-13 00:00:00'),(106,18,193,'2025-12-13 00:00:00'),(107,19,194,'2025-12-13 00:00:00'),(108,20,217,'2025-12-15 00:00:00'),(109,15,218,'2025-12-15 00:00:00'),(110,16,232,'2025-12-15 00:00:00'),(111,17,272,'2025-12-17 00:00:00'),(112,18,342,'2025-12-17 00:00:00'),(113,19,354,'2025-12-17 00:00:00'),(114,20,366,'2025-12-19 00:00:00'),(115,15,442,'2025-12-19 00:00:00'),(116,16,454,'2025-12-19 00:00:00'),(117,17,466,'2025-12-21 00:00:00'),(118,18,478,'2025-12-21 00:00:00'),(119,19,490,'2025-12-21 00:00:00'),(120,20,501,'2025-12-23 00:00:00'),(121,15,513,'2025-12-23 00:00:00'),(122,16,533,'2025-12-23 00:00:00'),(123,17,544,'2025-12-25 00:00:00'),(124,18,556,'2025-12-25 00:00:00'),(125,19,568,'2025-12-25 00:00:00'),(126,15,2,'2025-12-27 00:00:00'),(127,16,17,'2025-12-27 00:00:00'),(128,17,30,'2025-12-27 00:00:00'),(129,18,39,'2025-12-29 00:00:00'),(130,19,50,'2025-12-29 00:00:00'),(131,20,60,'2025-12-29 00:00:00'),(132,15,75,'2026-01-02 00:00:00'),(133,16,87,'2026-01-02 00:00:00'),(134,17,97,'2026-01-02 00:00:00'),(135,18,108,'2026-01-04 00:00:00'),(136,19,119,'2026-01-04 00:00:00'),(137,20,129,'2026-01-04 00:00:00'),(138,15,153,'2026-01-06 00:00:00'),(139,16,154,'2026-01-06 00:00:00'),(140,17,173,'2026-01-06 00:00:00'),(141,21,4,'2025-12-04 00:00:00'),(142,22,13,'2025-12-04 00:00:00'),(143,23,28,'2025-12-04 00:00:00'),(144,24,37,'2025-12-06 00:00:00'),(145,21,45,'2025-12-06 00:00:00'),(146,22,55,'2025-12-06 00:00:00'),(147,23,65,'2025-12-08 00:00:00'),(148,24,71,'2025-12-08 00:00:00'),(149,21,83,'2025-12-08 00:00:00'),(150,22,94,'2025-12-10 00:00:00'),(151,23,102,'2025-12-10 00:00:00'),(152,24,114,'2025-12-10 00:00:00'),(153,21,125,'2025-12-12 00:00:00'),(154,22,139,'2025-12-12 00:00:00'),(155,23,140,'2025-12-12 00:00:00'),(156,24,163,'2025-12-14 00:00:00'),(157,21,164,'2025-12-14 00:00:00'),(158,22,185,'2025-12-14 00:00:00'),(159,23,186,'2025-12-16 00:00:00'),(160,24,205,'2025-12-16 00:00:00'),(161,21,206,'2025-12-16 00:00:00'),(162,22,225,'2025-12-18 00:00:00'),(163,23,226,'2025-12-18 00:00:00'),(164,24,234,'2025-12-18 00:00:00'),(165,21,243,'2025-12-20 00:00:00'),(166,22,254,'2025-12-20 00:00:00'),(167,23,265,'2025-12-20 00:00:00'),(168,24,276,'2025-12-22 00:00:00'),(169,21,286,'2025-12-22 00:00:00'),(170,22,297,'2025-12-22 00:00:00'),(171,23,308,'2025-12-24 00:00:00'),(172,24,319,'2025-12-24 00:00:00'),(173,21,330,'2025-12-24 00:00:00'),(174,22,338,'2025-12-26 00:00:00'),(175,23,350,'2025-12-26 00:00:00'),(176,24,362,'2025-12-26 00:00:00'),(177,21,376,'2025-12-28 00:00:00'),(178,22,386,'2025-12-28 00:00:00'),(179,23,397,'2025-12-28 00:00:00'),(180,24,408,'2025-12-30 00:00:00'),(181,21,419,'2025-12-30 00:00:00'),(182,22,430,'2025-12-30 00:00:00'),(183,23,438,'2026-01-01 00:00:00'),(184,24,450,'2026-01-01 00:00:00'),(185,21,462,'2026-01-01 00:00:00'),(186,22,474,'2026-01-03 00:00:00'),(187,23,486,'2026-01-03 00:00:00'),(188,24,498,'2026-01-03 00:00:00'),(189,21,509,'2026-01-05 00:00:00'),(190,22,521,'2026-01-05 00:00:00'),(191,23,531,'2026-01-05 00:00:00'),(192,24,542,'2026-01-07 00:00:00'),(193,21,554,'2026-01-07 00:00:00'),(194,22,566,'2026-01-07 00:00:00'),(195,23,578,'2026-01-09 00:00:00'),(196,24,589,'2026-01-09 00:00:00'),(197,21,600,'2026-01-09 00:00:00'),(198,25,7,'2025-12-05 00:00:00'),(199,26,21,'2025-12-05 00:00:00'),(200,27,35,'2025-12-07 00:00:00'),(201,28,49,'2025-12-07 00:00:00'),(202,29,69,'2025-12-07 00:00:00'),(203,30,77,'2025-12-09 00:00:00'),(204,25,88,'2025-12-09 00:00:00'),(205,26,99,'2025-12-09 00:00:00'),(206,27,113,'2025-12-11 00:00:00'),(207,28,124,'2025-12-11 00:00:00'),(208,29,131,'2025-12-11 00:00:00'),(209,30,132,'2025-12-13 00:00:00'),(210,25,155,'2025-12-13 00:00:00'),(211,26,156,'2025-12-13 00:00:00'),(212,27,169,'2025-12-15 00:00:00'),(213,28,170,'2025-12-15 00:00:00'),(214,29,213,'2025-12-15 00:00:00'),(215,30,214,'2025-12-17 00:00:00'),(216,25,237,'2025-12-17 00:00:00'),(217,26,247,'2025-12-17 00:00:00'),(218,27,258,'2025-12-19 00:00:00'),(219,28,269,'2025-12-19 00:00:00'),(220,29,279,'2025-12-19 00:00:00'),(221,30,290,'2025-12-21 00:00:00'),(222,25,302,'2025-12-21 00:00:00'),(223,26,312,'2025-12-21 00:00:00'),(224,27,323,'2025-12-23 00:00:00'),(225,28,333,'2025-12-23 00:00:00'),(226,29,345,'2025-12-23 00:00:00'),(227,30,357,'2025-12-25 00:00:00'),(228,25,369,'2025-12-25 00:00:00'),(229,26,379,'2025-12-25 00:00:00'),(230,27,390,'2025-12-27 00:00:00'),(231,28,402,'2025-12-27 00:00:00'),(232,29,412,'2025-12-27 00:00:00'),(233,30,423,'2025-12-29 00:00:00'),(234,25,433,'2025-12-29 00:00:00'),(235,26,445,'2025-12-29 00:00:00'),(236,27,457,'2025-12-31 00:00:00'),(237,28,469,'2025-12-31 00:00:00'),(238,29,481,'2025-12-31 00:00:00'),(239,30,493,'2026-01-02 00:00:00'),(240,25,504,'2026-01-02 00:00:00'),(241,26,516,'2026-01-02 00:00:00'),(242,27,527,'2026-01-04 00:00:00'),(243,28,538,'2026-01-04 00:00:00'),(244,29,549,'2026-01-04 00:00:00'),(245,30,561,'2026-01-06 00:00:00'),(246,25,573,'2026-01-06 00:00:00'),(247,26,584,'2026-01-06 00:00:00'),(248,27,595,'2026-01-08 00:00:00'),(249,28,7,'2026-01-08 00:00:00'),(250,29,21,'2026-01-08 00:00:00'),(251,31,5,'2025-12-06 00:00:00'),(252,32,14,'2025-12-06 00:00:00'),(253,33,27,'2025-12-08 00:00:00'),(254,31,42,'2025-12-08 00:00:00'),(255,32,56,'2025-12-08 00:00:00'),(256,33,66,'2025-12-10 00:00:00'),(257,31,80,'2025-12-10 00:00:00'),(258,32,90,'2025-12-10 00:00:00'),(259,33,104,'2025-12-12 00:00:00'),(260,31,115,'2025-12-12 00:00:00'),(261,32,126,'2025-12-12 00:00:00'),(262,33,147,'2025-12-14 00:00:00'),(263,31,148,'2025-12-14 00:00:00'),(264,32,165,'2025-12-14 00:00:00'),(265,33,166,'2025-12-16 00:00:00'),(266,31,189,'2025-12-16 00:00:00'),(267,32,190,'2025-12-16 00:00:00'),(268,33,207,'2025-12-18 00:00:00'),(269,31,208,'2025-12-18 00:00:00'),(270,32,227,'2025-12-18 00:00:00'),(271,33,228,'2025-12-20 00:00:00'),(272,31,235,'2025-12-20 00:00:00'),(273,32,245,'2025-12-20 00:00:00'),(274,33,256,'2025-12-22 00:00:00'),(275,31,267,'2025-12-22 00:00:00'),(276,32,277,'2025-12-22 00:00:00'),(277,33,288,'2025-12-24 00:00:00'),(278,31,299,'2025-12-24 00:00:00'),(279,32,309,'2025-12-24 00:00:00'),(280,33,320,'2025-12-26 00:00:00'),(281,31,340,'2025-12-26 00:00:00'),(282,32,352,'2025-12-26 00:00:00'),(283,33,364,'2025-12-28 00:00:00'),(284,31,377,'2025-12-28 00:00:00'),(285,32,388,'2025-12-28 00:00:00'),(286,33,399,'2025-12-30 00:00:00'),(287,31,409,'2025-12-30 00:00:00'),(288,32,420,'2025-12-30 00:00:00'),(289,33,440,'2026-01-01 00:00:00'),(290,31,452,'2026-01-01 00:00:00'),(291,32,464,'2026-01-01 00:00:00'),(292,33,476,'2026-01-03 00:00:00'),(293,31,488,'2026-01-03 00:00:00'),(294,34,11,'2025-12-07 00:00:00'),(295,35,20,'2025-12-07 00:00:00'),(296,36,32,'2025-12-09 00:00:00'),(297,34,43,'2025-12-09 00:00:00'),(298,35,53,'2025-12-11 00:00:00'),(299,36,63,'2025-12-11 00:00:00'),(300,34,74,'2025-12-13 00:00:00'),(301,35,86,'2025-12-13 00:00:00'),(302,36,96,'2025-12-15 00:00:00'),(303,34,101,'2025-12-15 00:00:00'),(304,35,111,'2025-12-17 00:00:00'),(305,36,122,'2025-12-17 00:00:00'),(306,34,137,'2025-12-19 00:00:00'),(307,35,138,'2025-12-19 00:00:00'),(308,36,157,'2025-12-21 00:00:00'),(309,34,158,'2025-12-21 00:00:00'),(310,35,177,'2025-12-23 00:00:00'),(311,36,178,'2025-12-23 00:00:00'),(312,34,197,'2025-12-25 00:00:00'),(313,35,198,'2025-12-25 00:00:00'),(314,37,8,'2025-12-08 00:00:00'),(315,38,18,'2025-12-08 00:00:00'),(316,39,29,'2025-12-10 00:00:00'),(317,37,40,'2025-12-10 00:00:00'),(318,38,51,'2025-12-12 00:00:00'),(319,39,61,'2025-12-12 00:00:00'),(320,37,76,'2025-12-14 00:00:00'),(321,38,84,'2025-12-14 00:00:00'),(322,39,98,'2025-12-16 00:00:00'),(323,37,109,'2025-12-16 00:00:00'),(324,38,120,'2025-12-18 00:00:00'),(325,39,130,'2025-12-18 00:00:00'),(326,37,141,'2025-12-20 00:00:00'),(327,38,142,'2025-12-20 00:00:00'),(328,39,161,'2025-12-22 00:00:00'),(329,37,162,'2025-12-22 00:00:00'),(330,38,181,'2025-12-24 00:00:00'),(331,39,182,'2025-12-24 00:00:00'),(332,37,203,'2025-12-26 00:00:00'),(333,38,204,'2025-12-26 00:00:00'),(334,40,105,'2025-12-09 00:00:00'),(335,41,127,'2025-12-09 00:00:00'),(336,40,149,'2025-12-11 00:00:00'),(337,41,150,'2025-12-11 00:00:00'),(338,40,183,'2025-12-13 00:00:00'),(339,41,184,'2025-12-13 00:00:00'),(340,40,201,'2025-12-15 00:00:00'),(341,41,202,'2025-12-15 00:00:00'),(342,40,229,'2025-12-17 00:00:00'),(343,41,230,'2025-12-17 00:00:00'),(344,40,239,'2025-12-19 00:00:00'),(345,41,105,'2025-12-19 00:00:00'),(346,40,127,'2025-12-21 00:00:00'),(347,41,149,'2025-12-21 00:00:00'),(348,40,150,'2025-12-23 00:00:00'),(349,42,10,'2025-12-10 00:00:00'),(350,43,26,'2025-12-10 00:00:00'),(351,42,38,'2025-12-12 00:00:00'),(352,43,54,'2025-12-12 00:00:00'),(353,42,64,'2025-12-14 00:00:00'),(354,43,81,'2025-12-14 00:00:00'),(355,42,93,'2025-12-16 00:00:00'),(356,43,107,'2025-12-16 00:00:00'),(357,42,118,'2025-12-18 00:00:00'),(358,43,128,'2025-12-18 00:00:00'),(359,42,133,'2025-12-20 00:00:00'),(360,43,134,'2025-12-20 00:00:00'),(361,42,171,'2025-12-22 00:00:00'),(362,43,172,'2025-12-22 00:00:00'),(363,42,191,'2025-12-24 00:00:00'),(364,43,192,'2025-12-24 00:00:00'),(365,42,215,'2025-12-26 00:00:00'),(366,43,216,'2025-12-26 00:00:00'),(367,42,240,'2025-12-28 00:00:00'),(368,43,251,'2025-12-28 00:00:00'),(369,44,12,'2025-12-11 00:00:00'),(370,45,23,'2025-12-11 00:00:00'),(371,44,44,'2025-12-13 00:00:00'),(372,45,57,'2025-12-13 00:00:00'),(373,44,67,'2025-12-15 00:00:00'),(374,45,82,'2025-12-15 00:00:00'),(375,44,95,'2025-12-17 00:00:00'),(376,45,103,'2025-12-17 00:00:00'),(377,44,116,'2025-12-19 00:00:00'),(378,45,151,'2025-12-19 00:00:00'),(379,44,152,'2025-12-21 00:00:00'),(380,45,175,'2025-12-21 00:00:00'),(381,44,176,'2025-12-23 00:00:00'),(382,45,211,'2025-12-23 00:00:00'),(383,44,212,'2025-12-25 00:00:00'),(384,45,242,'2025-12-25 00:00:00'),(385,44,253,'2025-12-27 00:00:00'),(386,45,264,'2025-12-27 00:00:00'),(387,44,12,'2025-12-29 00:00:00'),(388,45,23,'2025-12-29 00:00:00'),(389,46,19,'2025-12-12 00:00:00'),(390,46,36,'2025-12-12 00:00:00'),(391,46,48,'2025-12-12 00:00:00'),(392,46,70,'2025-12-12 00:00:00'),(393,46,78,'2025-12-12 00:00:00'),(394,46,89,'2025-12-12 00:00:00'),(395,46,112,'2025-12-12 00:00:00'),(396,46,123,'2025-12-12 00:00:00'),(397,46,145,'2025-12-12 00:00:00'),(398,46,146,'2025-12-12 00:00:00'),(399,47,167,'2025-12-14 00:00:00'),(400,47,168,'2025-12-14 00:00:00'),(401,47,199,'2025-12-14 00:00:00'),(402,47,200,'2025-12-14 00:00:00'),(403,47,244,'2025-12-14 00:00:00'),(404,47,255,'2025-12-14 00:00:00'),(405,47,266,'2025-12-14 00:00:00'),(406,47,287,'2025-12-14 00:00:00'),(407,47,298,'2025-12-14 00:00:00'),(408,47,310,'2025-12-14 00:00:00'),(409,46,321,'2025-12-16 00:00:00');
/*!40000 ALTER TABLE `class_reservation` ENABLE KEYS */;
UNLOCK TABLES;

--
-- Table structure for table `class_schedule`
--

DROP TABLE IF EXISTS `class_schedule`;
/*!40101 SET @saved_cs_client     = @@character_set_client */;
/*!50503 SET character_set_client = utf8mb4 */;
CREATE TABLE `class_schedule` (
  `schedule_id` int NOT NULL,
  `class_id` int NOT NULL,
  `slot_id` int NOT NULL,
  `trainer_id` int NOT NULL,
  `facility_id` int NOT NULL,
  `branch_id` int NOT NULL,
  PRIMARY KEY (`schedule_id`),
  KEY `class_id` (`class_id`),
  KEY `slot_id` (`slot_id`),
  KEY `trainer_id` (`trainer_id`),
  KEY `facility_id` (`facility_id`),
  KEY `branch_id` (`branch_id`),
  CONSTRAINT `class_schedule_ibfk_1` FOREIGN KEY (`class_id`) REFERENCES `class` (`class_id`),
  CONSTRAINT `class_schedule_ibfk_2` FOREIGN KEY (`slot_id`) REFERENCES `time_slot` (`slot_id`),
  CONSTRAINT `class_schedule_ibfk_3` FOREIGN KEY (`trainer_id`) REFERENCES `trainer` (`trainer_id`),
  CONSTRAINT `class_schedule_ibfk_4` FOREIGN KEY (`facility_id`) REFERENCES `facility` (`facility_id`),
  CONSTRAINT `class_schedule_ibfk_5` FOREIGN KEY (`branch_id`) REFERENCES `branch` (`branch_id`)
) ENGINE=InnoDB DEFAULT CHARSET=utf8mb4 COLLATE=utf8mb4_0900_ai_ci;
/*!40101 SET character_set_client = @saved_cs_client */;

--
-- Dumping data for table `class_schedule`
--

LOCK TABLES `class_schedule` WRITE;
/*!40000 ALTER TABLE `class_schedule` DISABLE KEYS */;
INSERT INTO `class_schedule` VALUES (1,1,1,1201,102,1),(2,2,4,1201,102,1),(3,3,2,1202,102,1),(4,5,3,1203,101,1),(5,9,5,1204,102,1),(6,11,4,1205,102,1),(7,13,1,1207,103,1),(8,14,2,1206,103,1),(9,1,1,1211,202,2),(10,3,3,1212,202,2),(11,7,4,1213,203,2),(12,9,5,1214,202,2),(13,14,2,1216,201,2),(14,8,4,1213,203,2),(15,1,1,1221,302,3),(16,4,4,1222,302,3),(17,5,3,1223,301,3),(18,9,5,1224,302,3),(19,13,2,1226,303,3),(20,14,1,1225,303,3),(21,8,4,1231,403,4),(22,7,3,1231,403,4),(23,9,5,1232,403,4),(24,5,2,1233,401,4),(25,1,1,1241,502,5),(26,3,2,1242,502,5),(27,5,3,1243,501,5),(28,9,5,1244,502,5),(29,14,4,1245,504,5),(30,13,1,1246,503,5),(31,14,2,1251,601,6),(32,13,1,1252,601,6),(33,3,4,1253,603,6),(34,8,4,1261,702,7),(35,3,2,1262,701,7),(36,9,5,1263,701,7),(37,1,1,1271,802,8),(38,3,2,1272,802,8),(39,5,4,1273,801,8),(40,9,5,1281,901,9),(41,5,3,1282,903,9),(42,1,1,1291,1003,10),(43,13,2,1292,1002,10),(44,3,2,1302,1102,11),(45,8,4,1301,1101,11),(46,5,3,1311,1201,12),(47,9,5,1312,1202,12);
/*!40000 ALTER TABLE `class_schedule` ENABLE KEYS */;
UNLOCK TABLES;

--
-- Table structure for table `facility`
--

DROP TABLE IF EXISTS `facility`;
/*!40101 SET @saved_cs_client     = @@character_set_client */;
/*!50503 SET character_set_client = utf8mb4 */;
CREATE TABLE `facility` (
  `facility_id` int NOT NULL,
  `facility_name` varchar(45) COLLATE utf8mb4_general_ci NOT NULL,
  `facility_type` varchar(45) COLLATE utf8mb4_general_ci DEFAULT NULL,
  `capacity` int DEFAULT NULL,
  `branch_id` int NOT NULL,
  PRIMARY KEY (`facility_id`),
  KEY `branch_id` (`branch_id`),
  CONSTRAINT `facility_ibfk_1` FOREIGN KEY (`branch_id`) REFERENCES `branch` (`branch_id`)
) ENGINE=InnoDB DEFAULT CHARSET=utf8mb4 COLLATE=utf8mb4_general_ci;
/*!40101 SET character_set_client = @saved_cs_client */;

--
-- Dumping data for table `facility`
--

LOCK TABLES `facility` WRITE;
/*!40000 ALTER TABLE `facility` DISABLE KEYS */;
INSERT INTO `facility` VALUES (101,'Ana Ağırlık Salonu','Ağırlık',90,1),(102,'Yoga Stüdyosu','Stüdyo',25,1),(103,'Pilates Stüdyosu','Stüdyo',20,1),(104,'Grup Ders Salonu','Stüdyo',40,1),(105,'Cross Training Alanı','Fonksiyonel',50,1),(106,'HIIT Alanı','Fonksiyonel',45,1),(107,'Spinning Salonu','Cycling',30,1),(108,'Yüzme Havuzu','Havuz',50,1),(201,'Ağırlık Salonu','Ağırlık',80,2),(202,'Yoga & Pilates Stüdyosu','Stüdyo',30,2),(203,'Grup Ders Salonu','Stüdyo',35,2),(204,'HIIT Alanı','Fonksiyonel',40,2),(205,'Cross Training Alanı','Fonksiyonel',45,2),(206,'Spinning Stüdyosu','Cycling',25,2),(301,'Ağırlık Salonu','Ağırlık',75,3),(302,'Pilates Stüdyosu','Stüdyo',25,3),(303,'Yoga Stüdyosu','Stüdyo',20,3),(304,'Grup Ders Salonu','Stüdyo',30,3),(305,'Cross Training Alanı','Fonksiyonel',40,3),(401,'Kardiyo Alanı','Kardiyo',60,4),(402,'Grup Ders Salonu','Stüdyo',30,4),(403,'Yoga Stüdyosu','Stüdyo',20,4),(404,'HIIT Alanı','Fonksiyonel',35,4),(501,'Ağırlık Salonu','Ağırlık',70,5),(502,'Pilates Stüdyosu','Stüdyo',30,5),(503,'Salon Sporları Alanı','Salon',100,5),(504,'Kardiyo Alanı','Kardiyo',85,5),(505,'Spinning Salonu','Cycling',25,5),(601,'Yüzme Havuzu','Havuz',40,6),(602,'CrossFit Alanı','Fonksiyonel',50,6),(603,'Grup Ders Salonu','Stüdyo',30,6),(701,'Ağırlık Salonu','Ağırlık',60,7),(702,'Yoga Stüdyosu','Stüdyo',20,7),(703,'Kardiyo Alanı','Kardiyo',50,7),(801,'Ağırlık Salonu','Ağırlık',65,8),(802,'Spinning Stüdyosu','Cycling',30,8),(803,'Grup Ders Salonu','Stüdyo',25,8),(901,'Yoga & Pilates Stüdyosu','Stüdyo',40,9),(902,'Kardiyo Alanı','Kardiyo',95,9),(903,'Ağırlık Salonu','Ağırlık',60,9),(1001,'Ağırlık Salonu','Ağırlık',70,10),(1002,'Yoga Stüdyosu','Stüdyo',20,10),(1003,'Fonksiyonel Antrenman Alanı','Fonksiyonel',40,10),(1101,'Kardiyo Alanı','Kardiyo',70,11),(1102,'Grup Ders Salonu','Stüdyo',50,11),(1103,'Ağırlık Salonu','Ağırlık',55,11),(1201,'Ağırlık Salonu','Ağırlık',80,12),(1202,'Pilates Stüdyosu','Stüdyo',25,12),(1203,'Açık Alan Kardiyo','Açık Alan',70,12);
/*!40000 ALTER TABLE `facility` ENABLE KEYS */;
UNLOCK TABLES;

--
-- Table structure for table `facility_branch_Relation`
--

DROP TABLE IF EXISTS `facility_branch_Relation`;
/*!40101 SET @saved_cs_client     = @@character_set_client */;
/*!50503 SET character_set_client = utf8mb4 */;
CREATE TABLE `facility_branch_Relation` (
  `fb_id` int NOT NULL AUTO_INCREMENT,
  `facility_id` int NOT NULL,
  `branch_id` int NOT NULL,
  `quantity` int DEFAULT '1',
  `room_code` varchar(20) COLLATE utf8mb4_general_ci DEFAULT NULL,
  PRIMARY KEY (`fb_id`),
  KEY `facility_id` (`facility_id`),
  KEY `branch_id` (`branch_id`),
  CONSTRAINT `facility_branch_relation_ibfk_1` FOREIGN KEY (`facility_id`) REFERENCES `facility` (`facility_id`),
  CONSTRAINT `facility_branch_relation_ibfk_2` FOREIGN KEY (`branch_id`) REFERENCES `branch` (`branch_id`)
) ENGINE=InnoDB DEFAULT CHARSET=utf8mb4 COLLATE=utf8mb4_general_ci;
/*!40101 SET character_set_client = @saved_cs_client */;

--
-- Dumping data for table `facility_branch_Relation`
--

LOCK TABLES `facility_branch_Relation` WRITE;
/*!40000 ALTER TABLE `facility_branch_Relation` DISABLE KEYS */;
/*!40000 ALTER TABLE `facility_branch_Relation` ENABLE KEYS */;
UNLOCK TABLES;

--
-- Table structure for table `member`
--

DROP TABLE IF EXISTS `member`;
/*!40101 SET @saved_cs_client     = @@character_set_client */;
/*!50503 SET character_set_client = utf8mb4 */;
CREATE TABLE `member` (
  `member_id` int NOT NULL,
  `name` varchar(45) NOT NULL,
  `phone` varchar(45) NOT NULL,
  `date_of_birth` datetime NOT NULL,
  `registiration_date` datetime NOT NULL,
  `email` varchar(45) NOT NULL,
  `branch_id` int NOT NULL,
  `plan_id` int NOT NULL,
  `personal_trainer` int DEFAULT NULL,
  PRIMARY KEY (`member_id`),
  UNIQUE KEY `phone_UNIQUE` (`phone`),
  UNIQUE KEY `email_UNIQUE` (`email`),
  KEY `branch_id` (`branch_id`),
  KEY `plan_id` (`plan_id`),
  KEY `personal_trainer` (`personal_trainer`),
  CONSTRAINT `member_ibfk_1` FOREIGN KEY (`branch_id`) REFERENCES `branch` (`branch_id`),
  CONSTRAINT `member_ibfk_2` FOREIGN KEY (`plan_id`) REFERENCES `membership_plan` (`plan_id`),
  CONSTRAINT `member_ibfk_3` FOREIGN KEY (`personal_trainer`) REFERENCES `trainer` (`trainer_id`)
) ENGINE=InnoDB DEFAULT CHARSET=utf8mb4 COLLATE=utf8mb4_0900_ai_ci;
/*!40101 SET character_set_client = @saved_cs_client */;

--
-- Dumping data for table `member`
--

LOCK TABLES `member` WRITE;
/*!40000 ALTER TABLE `member` DISABLE KEYS */;
INSERT INTO `member` VALUES (1,'Ece Yılmaz','05301234567','1995-11-20 00:00:00','2024-06-01 00:00:00','ece.yilmaz@mail.com',1,3,1202),(2,'Canberk Öztürk','05312345678','1990-03-15 00:00:00','2024-05-10 00:00:00','canbb.ozturk@mail.com',3,1,NULL),(3,'Leyla Akın','05323456789','1998-07-28 00:00:00','2024-04-22 00:00:00','leyla.akin@mail.com',2,5,1213),(4,'Mert Demir','05334567890','2001-01-05 00:00:00','2024-03-18 00:00:00','mert.demir@mail.com',4,2,1231),(5,'Aslı Güler','05345678901','1987-09-12 00:00:00','2024-06-05 00:00:00','asli.guler@mail.com',6,1,NULL),(6,'Deniz Kara','05356789012','1993-04-01 00:00:00','2024-05-29 00:00:00','deniz.kara@mail.com',1,4,1204),(7,'Emre Kılıç','05367890123','1996-12-19 00:00:00','2024-04-03 00:00:00','emre.kilic@mail.com',5,2,1245),(8,'Zeynep Koç','05378901234','1985-06-25 00:00:00','2024-03-01 00:00:00','zeynep.koc@mail.com',8,3,NULL),(9,'Hakan Çelik','05389056345','1992-10-10 00:00:00','2024-05-15 00:00:00','hakan.celik@mail.com',2,1,1215),(10,'İrem Sönmez','05390123456','1999-02-02 00:00:00','2024-04-10 00:00:00','irem.sonmez@mail.com',10,5,1292),(11,'Kerem Tunay','05401234567','1994-08-30 00:00:00','2024-06-11 00:00:00','kerem.tunayy@mail.com',7,4,1261),(12,'Pınar Şahin','05412345678','1989-05-16 00:00:00','2024-03-05 00:00:00','pinar.sahin@mail.com',11,2,NULL),(13,'Tolga Aras','05423456789','1997-03-22 00:00:00','2024-05-01 00:00:00','tolga.aras@mail.com',4,3,1233),(14,'Burak Taşçı','05434567890','1991-11-08 00:00:00','2024-04-15 00:00:00','burak.tascii@mail.com',6,5,NULL),(15,'Selin Erman','05445678901','2000-09-04 00:00:00','2024-06-08 00:00:00','selin.ermann@mail.com',9,1,1282),(16,'Ozan Vural','05456789012','1995-01-29 00:00:00','2024-05-20 00:00:00','ozan.vural@mail.com',1,3,1207),(17,'Melis Soylu','05467890123','1988-12-03 00:00:00','2024-04-29 00:00:00','melis.soylu@mail.com',3,2,NULL),(18,'Fırat Balık','05478901234','1993-07-07 00:00:00','2024-03-10 00:00:00','firat.balik@mail.com',8,4,1271),(19,'Gamze Nazlı','05486782345','1996-05-14 00:00:00','2024-06-13 00:00:00','gamze.nazli@mail.com',12,1,1314),(20,'Tamer Uçar','05490123456','1986-10-21 00:00:00','2024-05-06 00:00:00','tamer.ucar@mail.com',7,5,NULL),(21,'Yelda İncek','05501234567','1990-04-18 00:00:00','2024-04-01 00:00:00','yelda.incek@mail.com',5,4,1241),(22,'Çağla Akkuş','05512345678','1997-01-23 00:00:00','2024-03-25 00:00:00','cagla.akk@mail.com',1,2,1201),(23,'Koray Senli','05523456789','1994-09-06 00:00:00','2024-06-03 00:00:00','koray.senli@mail.com',11,3,NULL),(24,'Hande Mert','05534567890','1984-11-30 00:00:00','2024-05-27 00:00:00','hande.mert@mail.com',2,1,1211),(25,'Murat Ece','05545678901','2002-02-17 00:00:00','2024-04-17 00:00:00','murat.ece@mail.com',9,4,1281),(26,'Nazlı Cantürk','05556789012','1993-08-05 00:00:00','2024-03-08 00:00:00','nazli.cantürk@mail.com',10,5,NULL),(27,'Rıza Yüce','05567890123','1998-05-09 00:00:00','2024-06-10 00:00:00','riza.yuce@mail.com',6,2,1251),(28,'Simge Erdem','05578901234','1991-03-26 00:00:00','2024-05-04 00:00:00','simge.erdem@mail.com',4,1,NULL),(29,'Ufuk Koral','05589019345','1995-10-14 00:00:00','2024-04-19 00:00:00','ufuk.koral@mail.com',8,3,1273),(30,'Vildan Çakır','05590123456','1992-07-20 00:00:00','2024-03-03 00:00:00','vildan.cakir@mail.com',3,4,1222),(31,'Barış Özberk','05601234567','1997-04-05 00:00:00','2024-05-25 00:00:00','baris.ozberk@mail.com',1,5,1205),(32,'Gizem Arslan','05612345678','1986-11-17 00:00:00','2024-04-12 00:00:00','gizem.arslan@mail.com',7,1,NULL),(33,'Selim Kaya','05623456789','1993-03-09 00:00:00','2024-06-18 00:00:00','selim.kaya@mail.com',9,3,1281),(34,'Tuğçe Erkek','05634567890','1989-06-21 00:00:00','2024-05-08 00:00:00','tugce.erk@mail.com',2,2,NULL),(35,'Oğuzhan Demir','05645678901','2000-12-07 00:00:00','2024-04-07 00:00:00','oguzhan.demir@mail.com',5,4,1246),(36,'Ayda Tuna','05656789012','1994-02-14 00:00:00','2024-03-02 00:00:00','ayda.tuna@mail.com',12,1,1311),(37,'Caner Ece','05667890123','1991-09-29 00:00:00','2024-05-03 00:00:00','caner.ece@mail.com',4,3,1232),(38,'Dilara Şener','05678901234','1998-05-06 00:00:00','2024-04-20 00:00:00','dilara.senerr@mail.com',10,5,NULL),(39,'Efe Balca','05689019345','1987-10-03 00:00:00','2024-06-06 00:00:00','efe.balca@mail.com',3,4,1221),(40,'Ferit Yıldız','05690123456','1995-01-19 00:00:00','2024-05-11 00:00:00','ferit.yildiz@mail.com',8,2,1272),(41,'Gonca Koral','05701234567','1992-04-24 00:00:00','2024-04-04 00:00:00','gonca.koral@mail.com',1,1,NULL),(42,'Halil Sazak','05712345678','1999-08-11 00:00:00','2024-03-28 00:00:00','halil.sazak@mail.com',6,3,1252),(43,'Işıl Mertlik','05723456789','1985-02-08 00:00:00','2024-06-14 00:00:00','isil.mertlik@mail.com',7,5,1262),(44,'Jale Duman','05734567890','1996-05-27 00:00:00','2024-05-21 00:00:00','jale.duman@mail.com',11,4,NULL),(45,'Kutay Aksoy','05745678901','1993-11-01 00:00:00','2024-04-18 00:00:00','kutay.aksoy@mail.com',4,2,1231),(46,'Leman Gür','05756789012','1990-07-13 00:00:00','2024-03-07 00:00:00','leman.gur@mail.com',9,1,1282),(47,'Murat Sun','05767890123','2001-03-16 00:00:00','2024-05-31 00:00:00','murat.sun@mail.com',2,3,1214),(48,'Neşe Deniz','05778901234','1995-09-02 00:00:00','2024-04-26 00:00:00','nese.deniz@mail.com',12,5,1313),(49,'Onur Kaplan','05787682345','1988-04-28 00:00:00','2024-06-16 00:00:00','onur.kaplan@mail.com',5,4,NULL),(50,'Pelin Uslu','05790123456','1997-12-24 00:00:00','2024-05-18 00:00:00','pelin.uslu@mail.com',3,2,1226),(51,'Rıza Kaya','05801234567','1994-06-09 00:00:00','2024-04-11 00:00:00','riza.kaya@mail.com',8,1,1273),(52,'Simge Baldo','05812345678','1990-01-03 00:00:00','2024-03-04 00:00:00','simge.baldd@mail.com',1,3,1206),(53,'Ufuk Çelik','05823456789','1996-03-18 00:00:00','2024-05-09 00:00:00','ufuk.celik@mail.com',7,2,1263),(54,'Vildan Aralık','05834567890','1993-10-29 00:00:00','2024-04-24 00:00:00','vildan.aralik@mail.com',10,4,NULL),(55,'Yasemin Şahin','05845678901','1986-07-26 00:00:00','2024-06-19 00:00:00','yasemin.sahin@mail.com',4,1,1233),(56,'Zehra Koç','05856789012','1999-04-15 00:00:00','2024-05-07 00:00:00','zehra.koc@mail.com',6,3,NULL),(57,'Ahmet Koral','05867890123','1991-11-20 00:00:00','2024-04-02 00:00:00','ahmet.koral@mail.com',11,5,1301),(58,'Büşra Deniz','05878901234','1995-02-12 00:00:00','2024-03-27 00:00:00','busra.deniz@mail.com',2,4,1216),(59,'Canan Demirtaş','05819018635','1998-08-05 00:00:00','2024-06-12 00:00:00','canan.demirtas@mail.com',9,2,NULL),(60,'Devrim Efe','05890123456','1992-04-01 00:00:00','2024-05-13 00:00:00','devrim.efe@mail.com',3,1,1223),(61,'Ela Güler','05901234567','1997-12-28 00:00:00','2024-04-09 00:00:00','ela.guler@mail.com',8,3,1271),(62,'Fatih Aker','05912345678','1985-06-03 00:00:00','2024-03-16 00:00:00','fatih.akkk@mail.com',1,5,1201),(63,'Gizem Şimşek','05923456789','1993-10-14 00:00:00','2024-06-20 00:00:00','gizem.simsek@mail.com',7,4,1261),(64,'Hasan Yalçın','05934567890','1996-05-09 00:00:00','2024-05-05 00:00:00','hasan.yalcin@mail.com',10,2,NULL),(65,'İpek Toprak','05945678901','1989-11-25 00:00:00','2024-04-23 00:00:00','ipek.toprak@mail.com',4,1,1231),(66,'Kaan Aydın','05956789012','2001-03-07 00:00:00','2024-03-19 00:00:00','kaan.aydin@mail.com',6,3,1253),(67,'Lale Çetin','05967890123','1994-07-22 00:00:00','2024-06-04 00:00:00','lale.cetin@mail.com',11,5,1302),(68,'Mert Şenol','05978901234','1998-01-16 00:00:00','2024-05-28 00:00:00','mert.senl@mail.com',2,4,NULL),(69,'Nida Kılıçlar','05989087545','1990-09-08 00:00:00','2024-04-06 00:00:00','nida.kiliclar@mail.com',5,2,1242),(70,'Okan Vardar','05990123456','1995-12-04 00:00:00','2024-03-01 00:00:00','okan.vardar@mail.com',12,1,1312),(71,'Pelin Aksoy','05001234567','1997-06-29 00:00:00','2024-05-14 00:00:00','pelin.aksoy@mail.com',4,3,NULL),(72,'Rıfat Duru','05012345678','1986-03-24 00:00:00','2024-04-10 00:00:00','rifat.duru@mail.com',9,5,1282),(73,'Suna Ergin','05023456789','1993-11-18 00:00:00','2024-06-15 00:00:00','suna.ergin@mail.com',1,4,1204),(74,'Tufan Balver','05034567890','1989-05-01 00:00:00','2024-05-02 00:00:00','tufan.balver@mail.com',7,2,NULL),(75,'Uğur Yaman','05045678901','2000-02-27 00:00:00','2024-04-21 00:00:00','ugur.yaman@mail.com',3,1,1224),(76,'Vatan Çakır','05056789012','1994-08-16 00:00:00','2024-03-06 00:00:00','vatan.cakir@mail.com',8,3,1272),(77,'Yasemin Öner','05067890123','1991-12-22 00:00:00','2024-06-17 00:00:00','yasemin.oner@mail.com',5,5,1243),(78,'Zeki Aral','05078901234','1995-10-09 00:00:00','2024-05-30 00:00:00','zeki.aral@mail.com',12,4,NULL),(79,'Alp Aydın','05085973245','1988-04-04 00:00:00','2024-04-08 00:00:00','alp.aydin@mail.com',2,2,1212),(80,'Bilge Soylu','05090123456','1997-01-13 00:00:00','2024-03-26 00:00:00','bilge.soylu@mail.com',6,1,1251),(81,'Cemre Duman','05101234567','1992-06-01 00:00:00','2024-06-09 00:00:00','cemre.duman@mail.com',10,3,1291),(82,'Derya Kılıç','05112345678','1999-03-20 00:00:00','2024-05-16 00:00:00','derya.kilic@mail.com',11,5,NULL),(83,'Emre Kaan','05123456789','1985-09-07 00:00:00','2024-04-28 00:00:00','emre.kaan@mail.com',4,4,1232),(84,'Fidan Aras','05134567890','1996-05-24 00:00:00','2024-03-09 00:00:00','fidan.aras@mail.com',8,2,1273),(85,'Gökçe Çetin','05145678901','1993-11-04 00:00:00','2024-06-14 00:00:00','gokce.cetin@mail.com',1,1,1202),(86,'Hakan Sönmez','05156789012','1987-07-28 00:00:00','2024-05-29 00:00:00','hakan.sonmez@mail.com',7,3,1263),(87,'İdil Güneş','05167890123','2000-01-26 00:00:00','2024-04-03 00:00:00','idil.gunes@mail.com',3,5,NULL),(88,'Kerem Yaman','05178901234','1994-04-13 00:00:00','2024-03-22 00:00:00','kerem.yaman@mail.com',5,4,1244),(89,'Lale Aksoy','05189065345','1991-10-30 00:00:00','2024-06-01 00:00:00','lale.aksoy@mail.com',12,2,1314),(90,'Mete Demir','05190123456','1998-05-09 00:00:00','2024-05-07 00:00:00','mete.demir@mail.com',6,1,NULL),(91,'Nazlı Şenlik','05201234567','1995-12-15 00:00:00','2024-04-20 00:00:00','nazli.senlik@mail.com',9,3,1281),(92,'Ozan Uçar','05212345678','1989-06-03 00:00:00','2024-03-17 00:00:00','ozan.ucar@mail.com',2,4,1213),(93,'Pınar Kara','05223456789','1997-02-18 00:00:00','2024-06-13 00:00:00','pinar.kara@mail.com',10,2,1292),(94,'Rıza Tunar','05234567890','1992-09-24 00:00:00','2024-05-19 00:00:00','riza.tunar@mail.com',4,1,NULL),(95,'Simge Arslan','05245678901','1996-04-07 00:00:00','2024-04-05 00:00:00','simge.arslan@mail.com',11,3,1301),(96,'Tamer Vural','05256789012','1988-11-01 00:00:00','2024-03-01 00:00:00','tamer.vural@mail.com',7,5,1262),(97,'Uğur Yılmaz','05267890123','2001-01-30 00:00:00','2024-06-16 00:00:00','ugur.yilmaz@mail.com',3,4,1225),(98,'Vildan Başak','05278901234','1994-07-07 00:00:00','2024-05-02 00:00:00','vildan.basakk@mail.com',8,2,NULL),(99,'Yasemin Akkurt','05289032145','1999-03-29 00:00:00','2024-04-23 00:00:00','yasemin.akkrt@mail.com',5,1,1245),(100,'Zeynep Eren','05290123456','1993-10-14 00:00:00','2024-03-07 00:00:00','zeynep.eren@mail.com',1,3,1207),(101,'Ahmet Sazak','05309012345','1996-05-10 00:00:00','2024-06-19 00:00:00','ahmet.sazak@mail.com',7,4,1261),(102,'Burak Taşçı','05319012345','1987-12-05 00:00:00','2024-05-20 00:00:00','burak.tasci@mail.com',4,2,NULL),(103,'Ceren Ece','05329012345','1994-08-27 00:00:00','2024-04-18 00:00:00','ceren.ece@mail.com',11,1,1302),(104,'Deniz Güç','05339012345','1998-03-16 00:00:00','2024-03-06 00:00:00','deniz.guc@mail.com',6,3,1252),(105,'Ece Şenses','05349012345','1990-10-23 00:00:00','2024-06-11 00:00:00','ece.senses@mail.com',9,5,1282),(106,'Fırat Yıldız','05359012345','1995-05-01 00:00:00','2024-05-01 00:00:00','firat.yildiz@mail.com',2,4,1215),(107,'Gökhan Balkök','05369012345','1988-12-28 00:00:00','2024-04-29 00:00:00','gokhan.balkk@mail.com',10,2,1292),(108,'Hande Aral','05379012345','1997-07-09 00:00:00','2024-03-25 00:00:00','hande.aral@mail.com',3,3,NULL),(109,'İrem Duru','05389012345','1992-01-04 00:00:00','2024-06-03 00:00:00','irem.duru@mail.com',8,1,1271),(110,'Jale Kılıç','05399012345','1999-06-15 00:00:00','2024-05-27 00:00:00','jale.kilic@mail.com',1,5,1205),(111,'Kemal Çetin','05409012345','1993-01-22 00:00:00','2024-04-17 00:00:00','kemal.cetin@mail.com',7,2,NULL),(112,'Lale Toprak','05419012345','1986-08-08 00:00:00','2024-03-14 00:00:00','lale.toprak@mail.com',12,3,1312),(113,'Mert Özen','05429012345','2000-04-25 00:00:00','2024-06-08 00:00:00','mert.ozen@mail.com',5,4,1246),(114,'Afra Canlı','05439012345','1994-09-02 00:00:00','2024-05-15 00:00:00','afra.can2@mail.com',4,5,1233),(115,'Ozan Efelik','05449012345','1991-03-10 00:00:00','2024-04-04 00:00:00','ozan.efelk@mail.com',6,2,NULL),(116,'Pınar Kaya','05459012345','1997-12-19 00:00:00','2024-03-28 00:00:00','pinar.kaya2@mail.com',11,3,1301),(117,'Rıza Aksoy','05469012345','1992-06-05 00:00:00','2024-06-18 00:00:00','riza.aksoyy@mail.com',2,1,1216),(118,'Simge Mert','05479012345','1996-01-14 00:00:00','2024-05-09 00:00:00','simge.mert@mail.com',10,4,NULL),(119,'Tufan Arsız','05489012345','1989-10-30 00:00:00','2024-04-26 00:00:00','tufan.arsiz@mail.com',3,5,1221),(120,'Uğur Duman','05499012345','1995-05-06 00:00:00','2024-03-01 00:00:00','ugur.duman@mail.com',8,2,1272),(121,'Arman Koral','05509012345','1988-12-24 00:00:00','2024-06-16 00:00:00','arman.koral@mail.com',1,1,1202),(122,'Yasemin Şimşek','05519012345','1997-07-13 00:00:00','2024-05-30 00:00:00','yasemin.simsek@mail.com',7,3,NULL),(123,'Zeynep Balcık','05529012345','1992-01-29 00:00:00','2024-04-09 00:00:00','zeynep.balcik@mail.com',12,4,1313),(124,'Alp Karaca','05539012345','1999-06-04 00:00:00','2024-03-22 00:00:00','alp.karaca@mail.com',5,2,1244),(125,'Burak Vural','05549012345','1993-01-09 00:00:00','2024-06-04 00:00:00','burak.vural@mail.com',4,1,NULL),(126,'Caner Deniz','05559012345','1986-07-26 00:00:00','2024-05-28 00:00:00','caner.deniz@mail.com',6,3,1253),(127,'Dilara Arslan','05569012345','2000-04-18 00:00:00','2024-04-06 00:00:00','dilara.arslan@mail.com',9,5,1281),(128,'Efe Yalçın','05579012345','1994-11-20 00:00:00','2024-03-19 00:00:00','efe.yalcin@mail.com',10,4,NULL),(129,'Fırat Tunç','05589012345','1991-05-07 00:00:00','2024-06-12 00:00:00','firat.tunc@mail.com',3,2,1223),(130,'Gökçe Çakır','05599012345','1998-03-24 00:00:00','2024-05-13 00:00:00','gokce.cakir@mail.com',8,1,1273),(131,'Ali Erden','05609012345','1985-04-10 00:00:00','2024-05-15 00:00:00','ali.erden@mail.com',5,5,1241),(132,'Duygu Erden','05619012345','1988-09-22 00:00:00','2024-05-15 00:00:00','duygu.erden@mail.com',5,5,NULL),(133,'Barış Kılıç','05629012345','1990-11-25 00:00:00','2024-04-10 00:00:00','baris.kilic@mail.com',10,5,1291),(134,'Esra Kılıç','05639012345','1992-06-03 00:00:00','2024-04-10 00:00:00','esra.kilic@mail.com',10,5,NULL),(135,'Cem Aydın','05649012345','1983-02-01 00:00:00','2024-06-01 00:00:00','cem.aydin@mail.com',1,5,1206),(136,'Fulya Aydın','05659012345','1987-07-19 00:00:00','2024-06-01 00:00:00','fulya.aydin@mail.com',1,5,1207),(137,'Deniz Şen','05669012345','1995-12-14 00:00:00','2024-03-28 00:00:00','deniz.sen@mail.com',7,3,NULL),(138,'Gül Şen','05679012345','1997-02-09 00:00:00','2024-03-28 00:00:00','gul.sen@mail.com',7,5,1263),(139,'Eren Mert','05689012345','1991-08-05 00:00:00','2024-05-20 00:00:00','eren.mert@mail.com',4,1,1232),(140,'Hale Mert','05699012345','1993-01-28 00:00:00','2024-05-20 00:00:00','hale.mert@mail.com',4,3,NULL),(141,'Furkan Yalçın','05709012345','1986-06-18 00:00:00','2024-04-03 00:00:00','furkan.yalcin@mail.com',8,2,1273),(142,'İrem Yalçın','05719012345','1990-09-01 00:00:00','2024-04-03 00:00:00','irem.yalcin@mail.com',8,4,1272),(143,'Gökhan Kaya','05729012345','1998-03-07 00:00:00','2024-06-12 00:00:00','gokhan.kaya@mail.com',2,5,NULL),(144,'Jülide Kaya','05739012345','2000-01-23 00:00:00','2024-06-12 00:00:00','julide.kaya@mail.com',2,4,1214),(145,'Hasan Toprak','05749012345','1984-10-09 00:00:00','2024-05-01 00:00:00','hasan.toprak@mail.com',12,1,NULL),(146,'Kübra Toprak','05759012345','1988-04-04 00:00:00','2024-05-01 00:00:00','kubra.toprak@mail.com',12,5,1314),(147,'İlker Durmaz','05769012345','1993-07-29 00:00:00','2024-03-16 00:00:00','ilker.durmaz@mail.com',6,3,1251),(148,'Leman Durmaz','05779012345','1995-11-13 00:00:00','2024-03-16 00:00:00','leman.durmaz@mail.com',6,2,NULL),(149,'Kaan Balcı','05789012345','1990-01-20 00:00:00','2024-06-08 00:00:00','kaan.balci@mail.com',9,4,1281),(150,'Meltem Balcı','05799012345','1992-06-25 00:00:00','2024-06-08 00:00:00','meltem.balci@mail.com',9,1,1282),(151,'Levent Çetin','05809012345','1987-05-17 00:00:00','2024-04-20 00:00:00','levent.cetin@mail.com',11,2,NULL),(152,'Nisan Çetin','05819012345','1990-03-02 00:00:00','2024-04-20 00:00:00','nisan.cetin@mail.com',11,5,1301),(153,'Melih Aras','05829012345','1996-09-04 00:00:00','2024-05-09 00:00:00','melih.aras@mail.com',3,3,1226),(154,'Oya Aras','05839012345','1998-02-18 00:00:00','2024-05-09 00:00:00','oya.aras@mail.com',3,4,1222),(155,'Nejat Bilgin','05849012345','1982-12-08 00:00:00','2024-03-01 00:00:00','nejat.bilgin@mail.com',5,1,NULL),(156,'Pelin Bilgin','05859012345','1985-07-26 00:00:00','2024-03-01 00:00:00','pelin.bilgin@mail.com',5,2,1246),(157,'Okan Duman','05869012345','1994-01-05 00:00:00','2024-06-18 00:00:00','okan.duman@mail.com',7,3,1262),(158,'Rana Duman','05879012345','1995-09-11 00:00:00','2024-06-18 00:00:00','rana.duman@mail.com',7,5,NULL),(159,'Serkan Er','05889012345','1989-03-22 00:00:00','2024-04-12 00:00:00','serkan.er@mail.com',1,4,1202),(160,'Tuğba Er','05899012345','1991-05-07 00:00:00','2024-04-12 00:00:00','tugba.er@mail.com',1,2,NULL),(161,'Umut Fidan','05909012345','1997-08-16 00:00:00','2024-05-02 00:00:00','umut.fidan@mail.com',8,1,1271),(162,'Vera Fidan','05919012345','1999-01-20 00:00:00','2024-05-02 00:00:00','vera.fidan@mail.com',8,3,1273),(163,'Yasin Güneş','05929012345','1990-06-11 00:00:00','2024-03-09 00:00:00','yasin.gunes@mail.com',4,5,1231),(164,'Zehra Güneş','05939012345','1993-09-24 00:00:00','2024-03-09 00:00:00','zehra.gunes@mail.com',4,4,NULL),(165,'Can Çelik','05949012345','1985-11-03 00:00:00','2024-06-03 00:00:00','can.celik@mail.com',6,1,NULL),(166,'Demet Çelik','05959012345','1988-02-28 00:00:00','2024-06-03 00:00:00','demet.celik@mail.com',6,2,1252),(167,'Ekin Aydın','05969012345','1999-04-21 00:00:00','2024-04-26 00:00:00','ekin.aydin@mail.com',12,3,1311),(168,'Funda Aydın','05979012345','2001-10-14 00:00:00','2024-04-26 00:00:00','funda.aydin@mail.com',12,5,1313),(169,'Görkem Tan','05989012345','1992-07-07 00:00:00','2024-05-19 00:00:00','gorkem.tan@mail.com',5,4,1244),(170,'Hicran Tan','05999012345','1994-01-23 00:00:00','2024-05-19 00:00:00','hicran.tan@mail.com',5,2,NULL),(171,'İlhan Öztürk','05009012345','1987-12-29 00:00:00','2024-03-14 00:00:00','ilhan.ozturk@mail.com',10,1,1292),(172,'Jale Öztürk','05019012345','1990-05-18 00:00:00','2024-03-14 00:00:00','jale.ozturk@mail.com',10,3,NULL),(173,'Kaan Kurt','05029012345','1993-06-20 00:00:00','2024-06-15 00:00:00','kaan.kurt@mail.com',3,5,1224),(174,'Lara Kurt','05039012345','1995-09-09 00:00:00','2024-06-15 00:00:00','lara.kurt@mail.com',3,2,1225),(175,'Mert Demir','05049012345','1986-04-04 00:00:00','2024-04-07 00:00:00','mert.demirr@mail.com',11,4,NULL),(176,'Naz Demir','05059012345','1989-01-21 00:00:00','2024-04-07 00:00:00','naz.demir@mail.com',11,2,1302),(177,'Ozan Aktaş','05069012345','1998-03-25 00:00:00','2024-05-27 00:00:00','ozan.aktas@mail.com',7,3,1261),(178,'Pelin Aktaş','05079012345','2000-09-19 00:00:00','2024-05-27 00:00:00','pelin.aktas@mail.com',7,1,NULL),(179,'Rıfat Tekin','05089012345','1991-07-15 00:00:00','2024-03-22 00:00:00','rifat.tekin@mail.com',1,5,1202),(180,'Selin Tekin','05099012345','1993-11-03 00:00:00','2024-03-22 00:00:00','selin.tekin@mail.com',1,4,1204),(181,'Tuna Yüksel','05109012345','1985-02-28 00:00:00','2024-06-14 00:00:00','tuna.yuksel@mail.com',8,2,NULL),(182,'Umay Yüksel','05119012345','1987-08-14 00:00:00','2024-06-14 00:00:00','umay.yuksel@mail.com',8,3,1271),(183,'Volkan Sarp','05129012345','1994-10-01 00:00:00','2024-05-09 00:00:00','volkan.sarp@mail.com',9,1,1282),(184,'Yağmur Sarp','05139012345','1996-03-26 00:00:00','2024-05-09 00:00:00','yagmur.sarp@mail.com',9,5,NULL),(185,'Ahmet Bal','05149012345','1989-12-19 00:00:00','2024-04-02 00:00:00','ahmet.bal@mail.com',4,3,1231),(186,'Burcu Bal','05159012345','1992-06-05 00:00:00','2024-04-02 00:00:00','burcu.bal@mail.com',4,4,1233),(187,'Cemre Çınar','05169012345','1997-01-11 00:00:00','2024-03-06 00:00:00','cemre.cinar@mail.com',2,5,1213),(188,'Deniz Çınar','05179012345','1999-04-20 00:00:00','2024-03-06 00:00:00','deniz.cinar@mail.com',2,3,NULL),(189,'Emir Egeli','05189012345','1992-09-08 00:00:00','2024-06-10 00:00:00','emir.egeli@mail.com',6,1,1253),(190,'Fulya Egeli','05199012345','1995-12-24 00:00:00','2024-06-10 00:00:00','fulya.egeli@mail.com',6,2,1251),(191,'Gizem Akın','05209012345','1986-07-03 00:00:00','2024-05-01 00:00:00','gizem.akin@mail.com',10,4,NULL),(192,'Hakan Akın','05219012345','1984-01-18 00:00:00','2024-05-01 00:00:00','hakan.akin@mail.com',10,5,1291),(193,'İdil Çevik','05229012345','1995-02-14 00:00:00','2024-04-23 00:00:00','idil.cevik@mail.com',3,2,1221),(194,'Kerem Çevik','05239012345','1993-05-20 00:00:00','2024-04-23 00:00:00','kerem.cevik@mail.com',3,1,NULL),(195,'Lale Yılmaz','05249012345','1998-10-30 00:00:00','2024-03-17 00:00:00','lale.yilmaz@mail.com',1,3,1205),(196,'Mert Yılmaz','05259012345','1996-03-12 00:00:00','2024-03-17 00:00:00','mert.yilmaz@mail.com',1,5,1201),(197,'Nazlı Demir','05269012345','1991-05-25 00:00:00','2024-06-19 00:00:00','nazli.demir@mail.com',7,4,NULL),(198,'Okan Demir','05279012345','1988-11-09 00:00:00','2024-06-19 00:00:00','okan.demir@mail.com',7,2,1263),(199,'Pınar Tuna','05289012345','1994-08-01 00:00:00','2024-05-05 00:00:00','pinar.tuna@mail.com',12,1,1312),(200,'Rıza Tuna','05299012345','1991-03-18 00:00:00','2024-05-05 00:00:00','riza.tuna2@mail.com',12,3,1311),(201,'Selin Erdem','05308012345','1997-01-20 00:00:00','2024-04-28 00:00:00','selin.erdem@mail.com',9,2,NULL),(202,'Tamer Erdem','05318012345','1995-06-07 00:00:00','2024-04-28 00:00:00','tamer.erdem@mail.com',9,4,1281),(203,'Umut Koral','05328012345','1990-10-14 00:00:00','2024-03-02 00:00:00','umut.koral@mail.com',8,5,1272),(204,'Vera Koral','05338012345','1993-12-03 00:00:00','2024-03-02 00:00:00','vera.koral2@mail.com',8,3,NULL),(205,'Yasin Yılmaz','05348012345','1987-03-25 00:00:00','2024-06-11 00:00:00','yasin.yilmaz@mail.com',4,1,1232),(206,'Gizem Yılmaz','05358012345','1990-09-17 00:00:00','2024-06-11 00:00:00','gizem.yilmaz2@mail.com',4,2,1231),(207,'Alp Eren','05368012345','1999-05-08 00:00:00','2024-05-18 00:00:00','alp.eren@mail.com',6,3,NULL),(208,'Buse Eren','05378012345','2001-11-20 00:00:00','2024-05-18 00:00:00','buse.eren@mail.com',6,4,1253),(209,'Cem Aksoylu','05388012345','1994-07-29 00:00:00','2024-04-05 00:00:00','cem.aksoylu2@mail.com',2,5,1211),(210,'Didem Aksoylu','05398012345','1996-02-14 00:00:00','2024-04-05 00:00:00','didem.aksoylu@mail.com',2,3,NULL),(211,'Ece Sulak','05408012345','1990-12-16 00:00:00','2024-03-27 00:00:00','ece.sulak@mail.com',11,4,1301),(212,'Fırat Sulak','05418012345','1988-06-03 00:00:00','2024-03-27 00:00:00','firat.sulak@mail.com',11,2,1302),(213,'Gizem Karaca','05428012345','1995-09-19 00:00:00','2024-06-14 00:00:00','gizem.karaca@mail.com',5,1,1245),(214,'Hakan Karaca','05438012345','1992-04-13 00:00:00','2024-06-14 00:00:00','hakan.karaca@mail.com',5,3,1241),(215,'İdil Çetin','05448012345','1987-11-04 00:00:00','2024-05-02 00:00:00','idil.cetin@mail.com',10,5,NULL),(216,'Handan Çetin','05458012345','1985-03-29 00:00:00','2024-05-02 00:00:00','handan.cetin2@mail.com',10,1,1292),(217,'Kemal Mert','05468012345','1998-01-26 00:00:00','2024-04-20 00:00:00','kemal.mert@mail.com',3,2,NULL),(218,'Lale Mert','05478012345','1999-07-07 00:00:00','2024-04-20 00:00:00','lale.mert@mail.com',3,4,1223),(219,'Mert Arslan','05488012345','1993-04-18 00:00:00','2024-03-09 00:00:00','mert.arslan@mail.com',7,3,1262),(220,'Naz Arslan','05498012345','1995-11-22 00:00:00','2024-03-09 00:00:00','naz.arslan@mail.com',7,5,1263),(221,'Okan Tunç','05508012345','1986-09-05 00:00:00','2024-06-01 00:00:00','okan.tunc@mail.com',1,1,NULL),(222,'Pelin Tunç','05518012345','1989-02-10 00:00:00','2024-06-01 00:00:00','pelin.tunc@mail.com',1,2,1206),(223,'Alperen Kaya','05528012345','1994-12-03 00:00:00','2024-05-15 00:00:00','alperen.kaya2@mail.com',8,4,1272),(224,'Simge Kaya','05538012345','1996-05-19 00:00:00','2024-05-15 00:00:00','simge.kaya@mail.com',8,1,1271),(225,'Tufan Koç','05548012345','1990-06-22 00:00:00','2024-04-07 00:00:00','tufan.koc@mail.com',4,3,NULL),(226,'Umut Koç','05558012345','1993-01-08 00:00:00','2024-04-07 00:00:00','umut.koc@mail.com',4,5,1232),(227,'Volkan Taş','05568012345','1997-07-29 00:00:00','2024-03-19 00:00:00','volkan.tas@mail.com',6,2,1251),(228,'Yelda Taş','05578012345','1999-04-13 00:00:00','2024-03-19 00:00:00','yelda.tas@mail.com',6,1,NULL),(229,'Zeki Aral','05588012345','1992-02-14 00:00:00','2024-06-12 00:00:00','zeki.aral2@mail.com',9,3,1282),(230,'Ayça Aral','05598012345','1994-09-08 00:00:00','2024-06-12 00:00:00','ayca.aral@mail.com',9,5,1281),(231,'Alperen Yücel','05441010101','1990-04-15 00:00:00','2024-06-03 00:00:00','alperenn.yucel3@mail.com',1,3,1202),(232,'Banu Çınarlık','05441010102','1995-11-28 00:00:00','2024-05-18 00:00:00','banu.cinarlık3@mail.com',3,5,NULL),(233,'Cengiz Efes','05441010103','1987-07-03 00:00:00','2024-04-12 00:00:00','cengiz.efess2@mail.com',2,4,1214),(234,'Dilek Güçsüz','05441010104','1999-01-19 00:00:00','2024-03-25 00:00:00','dilek.gucsuz2@mail.com',4,1,1232),(235,'Ersin Balkök','05441010105','1993-06-11 00:00:00','2024-06-15 00:00:00','ersin.balkok2@mail.com',6,2,1252),(236,'Feride Akkurt','05441010106','1988-12-05 00:00:00','2024-05-09 00:00:00','feride.akkurt2@mail.com',1,5,1207),(237,'Gürkan Mert','05441010107','1996-03-22 00:00:00','2024-04-01 00:00:00','gurkan.mert2@mail.com',5,1,NULL),(238,'Hicran Kaya','05441010108','1992-10-14 00:00:00','2024-03-16 00:00:00','hicran.kaya2@mail.com',8,3,1272),(239,'İbrahim Şen','05441010109','1998-05-07 00:00:00','2024-06-08 00:00:00','ibrahim.sen2@mail.com',9,4,1281),(240,'Janset Duruş','05441010110','1990-01-30 00:00:00','2024-05-04 00:00:00','janset.duruss2@mail.com',10,2,NULL),(241,'Kaya Polatsız','05441010111','1994-08-11 00:00:00','2024-04-20 00:00:00','kaya.polat2izz@mail.com',7,5,1262),(242,'Leman Yılmazer','05441010112','1997-02-05 00:00:00','2024-03-09 00:00:00','leman.yilmazer2@mail.com',11,3,1301),(243,'Mahir Aras','05441010113','1986-11-01 00:00:00','2024-06-11 00:00:00','mahir.aras2@mail.com',4,1,1233),(244,'Aslan Balcı','05441010114','1995-04-18 00:00:00','2024-05-29 00:00:00','aslan.balci2@mail.com',12,5,1314),(245,'Okan Tansağ','05441010115','1991-09-29 00:00:00','2024-04-05 00:00:00','okan.tansag2@mail.com',6,4,NULL),(246,'Pelin Ünalkök','05441010116','1998-02-14 00:00:00','2024-03-22 00:00:00','pelin.unalkok2@mail.com',1,2,1204),(247,'Ramazan Koralma','05441010117','1993-07-07 00:00:00','2024-06-01 00:00:00','ramazan.koralma2@mail.com',5,3,1241),(248,'Sema Demirtaş','05441010118','1989-12-25 00:00:00','2024-05-13 00:00:00','sema.demirtas2@mail.com',8,5,1273),(249,'Tuğrul Koçtaş','05441010119','1997-06-03 00:00:00','2024-04-26 00:00:00','tugrul.koctas2@mail.com',9,2,NULL),(250,'Selim Fidanlık','05441010120','1992-01-11 00:00:00','2024-03-05 00:00:00','selimt.fidan4@mail.com',2,1,1215),(251,'Vural Özer','05441010121','1994-08-05 00:00:00','2024-06-17 00:00:00','vural.ozer2@mail.com',10,4,1291),(252,'Yeliz Şahinkuş','05441010122','1998-03-17 00:00:00','2024-05-03 00:00:00','yeliz.sahinkus2@mail.com',7,2,NULL),(253,'Zehra Samet','05441010123','1990-10-30 00:00:00','2024-04-10 00:00:00','zehra.samett4@mail.com',11,5,1302),(254,'Ahmet Dumansız','05441010124','1995-05-24 00:00:00','2024-03-28 00:00:00','ahmet.dumansız2@mail.com',4,3,1232),(255,'Burcul Arı','05441010125','1999-07-09 00:00:00','2024-06-10 00:00:00','burcul.ari2@mail.com',12,1,1311),(256,'Cihan Aksoylu','05441010126','1991-12-14 00:00:00','2024-05-27 00:00:00','cihan.aksoylu2@mail.com',6,5,1253),(257,'Didem Kılıç','05441010127','1987-04-01 00:00:00','2024-04-04 00:00:00','didem.kilic2@mail.com',1,3,NULL),(258,'Emel Güler','05441010128','1996-05-18 00:00:00','2024-03-21 00:00:00','emel.guler2@mail.com',5,2,1242),(259,'Furkan Şen','05441010129','1992-11-03 00:00:00','2024-06-04 00:00:00','furkan.sen2@mail.com',8,4,1271),(260,'Gamze Aydın','05441010130','1997-02-28 00:00:00','2024-05-29 00:00:00','gamze.aydin2@mail.com',9,1,NULL),(261,'Hakan Vural','05441010131','1993-09-12 00:00:00','2024-04-15 00:00:00','hakan.vural2@mail.com',2,5,1213),(262,'İlkay Taş','05441010132','1988-06-07 00:00:00','2024-03-08 00:00:00','ilkay.tas2@mail.com',10,3,1292),(263,'Jülide Balcı','05441010133','1999-12-20 00:00:00','2024-06-19 00:00:00','julide.balci2@mail.com',7,4,NULL),(264,'Kaan Demirtaş','05441010134','1995-03-15 00:00:00','2024-05-10 00:00:00','kaan.demirtas2@mail.com',11,2,1301),(265,'Leman Akın','05441010135','1991-10-09 00:00:00','2024-04-23 00:00:00','leman.akin2@mail.com',4,5,1231),(266,'Mert Özkan','05441010136','1996-01-29 00:00:00','2024-03-18 00:00:00','mert.ozkan2@mail.com',12,1,1313),(267,'Nilgün Uçar','05441010137','1993-08-04 00:00:00','2024-06-05 00:00:00','nilgun.ucar2@mail.com',6,3,NULL),(268,'Oğuz Şahin','05441010138','1987-05-11 00:00:00','2024-05-01 00:00:00','oguz.sahin2@mail.com',1,4,1205),(269,'Pelin Karaca','05441010139','1998-11-02 00:00:00','2024-04-19 00:00:00','pelin.karaca2@mail.com',5,5,1246),(270,'Rıza Yılmaz','05441010140','1994-04-17 00:00:00','2024-03-03 00:00:00','riza.yilmaz3@mail.com',8,2,1272),(271,'Seda Duman','05441010141','1999-06-25 00:00:00','2024-06-12 00:00:00','seda.duman2@mail.com',9,1,NULL),(272,'Tamer Arslan','05441010142','1990-12-19 00:00:00','2024-05-09 00:00:00','tamer.arslan2@mail.com',3,3,1224),(273,'Ufuk Kılıç','05441010143','1995-07-03 00:00:00','2024-04-26 00:00:00','ufuk.kilic2@mail.com',10,4,1291),(274,'Vera Güneş','05441010144','1992-02-08 00:00:00','2024-03-14 00:00:00','v.gunes2@mail.com',7,5,NULL),(275,'Yasin Mert','05441010145','1997-09-14 00:00:00','2024-06-08 00:00:00','yasin.mert2@mail.com',11,2,1302),(276,'Zeynep Akın','05441010146','1993-04-20 00:00:00','2024-05-04 00:00:00','zeynep.akin2@mail.com',4,1,1233),(277,'Alp Çelik','05441010147','1988-11-06 00:00:00','2024-04-20 00:00:00','alp.celik2@mail.com',6,3,1252),(278,'Banu Tuna','05441010148','1995-05-13 00:00:00','2024-03-09 00:00:00','banu.tuna2@mail.com',1,5,1202),(279,'Cem Duru','05441010149','2000-01-28 00:00:00','2024-06-19 00:00:00','cem.duru2@mail.com',5,4,NULL),(280,'Dilara Özer','05441010150','1994-07-26 00:00:00','2024-05-15 00:00:00','dilara.ozer2@mail.com',8,2,1271),(281,'Ece Aksoy','05441010151','1991-12-03 00:00:00','2024-04-01 00:00:00','ece.aksoy2@mail.com',9,3,1282),(282,'Fırat Güçlü','05441010152','1998-03-10 00:00:00','2024-03-16 00:00:00','firat.guclu2@mail.com',2,1,NULL),(283,'Gökhan Şen','05441010153','1993-06-25 00:00:00','2024-06-04 00:00:00','gokhan.sen3@mail.com',10,5,1292),(284,'Hande Yılmaz','05441010154','1987-10-18 00:00:00','2024-05-29 00:00:00','hande.yilmaz2@mail.com',7,4,1261),(285,'İpek Balcı','05441010155','1999-12-01 00:00:00','2024-04-17 00:00:00','ipek.balci2@mail.com',11,2,NULL),(286,'Jale Tanrıkulu','05441010156','1994-05-06 00:00:00','2024-03-10 00:00:00','jale.tanrkl2@mail.com',4,3,1231),(287,'Kemal Mert','05441010157','1991-11-20 00:00:00','2024-06-16 00:00:00','kemal.mert3@mail.com',12,1,1313),(288,'Lale Uçar','05441010158','1996-03-08 00:00:00','2024-05-11 00:00:00','lale.ucar2@mail.com',6,5,NULL),(289,'Mert Arslan','05441010159','1988-10-23 00:00:00','2024-04-24 00:00:00','mert.arslan3@mail.com',1,4,1206),(290,'Nazlı Erensiz','05441010160','1995-02-17 00:00:00','2024-03-03 00:00:00','nazli.erensiz2@mail.com',5,2,1244),(291,'Ozan Duman','05441010161','1992-07-29 00:00:00','2024-06-15 00:00:00','ozan.duman2@mail.com',8,1,1272),(292,'Pınar Kaya','05441010162','1997-09-15 00:00:00','2024-05-07 00:00:00','pinar.kaya4@mail.com',9,3,NULL),(293,'Rıza Şahin','05441010163','1990-12-18 00:00:00','2024-04-09 00:00:00','riza.sahin2@mail.com',2,4,1216),(294,'Simge Tunaca','05441010164','1996-04-01 00:00:00','2024-03-26 00:00:00','simge.tunaca2@mail.com',10,5,1292),(295,'Tufan Kılıç','05441010165','1993-09-07 00:00:00','2024-06-19 00:00:00','tufan.kilic2@mail.com',7,2,NULL),(296,'Umut Aral','05441010166','1987-03-24 00:00:00','2024-05-14 00:00:00','umut.aral2@mail.com',11,1,1301),(297,'Murat Şimşek','05441010167','1999-06-12 00:00:00','2024-04-04 00:00:00','mrrt.simsek2@mail.com',4,3,1232),(298,'Yasin Erenköy','05441010168','1994-11-20 00:00:00','2024-03-01 00:00:00','yasin.erenkoy2@mail.com',12,4,1314),(299,'Zeynep Aksoylu','05441010169','1991-05-05 00:00:00','2024-06-11 00:00:00','zeynep.aksoylu3@mail.com',6,5,NULL),(300,'Alp Güneşlik','05441010170','1998-01-19 00:00:00','2024-05-20 00:00:00','alp.guneslik2@mail.com',9,2,1281),(301,'Banu Karasız','05441010171','1993-06-28 00:00:00','2024-04-18 00:00:00','banu.karasız2@mail.com',1,1,1201),(302,'Cem Erdem','05441010172','1986-12-07 00:00:00','2024-03-07 00:00:00','cem.erdem2@mail.com',5,3,NULL),(303,'Dilara Uçar','05441010173','1999-04-20 00:00:00','2024-06-18 00:00:00','dilara.ucar2@mail.com',8,4,1273),(304,'Ece Şahinsoy','05441010174','1994-10-03 00:00:00','2024-05-09 00:00:00','ece.sahinsoy3@mail.com',2,5,1211),(305,'Fırat Şenlik','05441010175','1989-05-16 00:00:00','2024-04-26 00:00:00','firat.senlk3@mail.com',10,2,NULL),(306,'Gökhan Vural','05441010176','1997-12-01 00:00:00','2024-03-14 00:00:00','gokhan.vural3@mail.com',7,1,1263),(307,'Hande Koçaslan','05441010177','1992-06-20 00:00:00','2024-06-10 00:00:00','hande.kocasln2@mail.com',11,3,1302),(308,'İpek Aksoy','05441010178','1995-12-25 00:00:00','2024-05-04 00:00:00','ipek.aksoy2@mail.com',4,4,1231),(309,'Jalesu Tuna','05441010179','1990-03-12 00:00:00','2024-04-20 00:00:00','jalesu.tuna2@mail.com',6,5,NULL),(310,'Kemal Şimşek','05441010180','1996-09-08 00:00:00','2024-03-09 00:00:00','kemal.simsek2@mail.com',12,2,1313),(311,'Lale Demirtaş','05441010181','1993-01-27 00:00:00','2024-06-17 00:00:00','lale.demirtas2@mail.com',1,1,1205),(312,'Mert Duman','05441010182','1987-08-16 00:00:00','2024-05-27 00:00:00','mert.duman2@mail.com',5,3,NULL),(313,'Nazlı Erkut','05441010183','1998-03-29 00:00:00','2024-04-03 00:00:00','nazli.erkut2@mail.com',8,5,1271),(314,'Ozan Arslan','05441010184','1994-10-11 00:00:00','2024-03-21 00:00:00','ozan.arslan3@mail.com',9,4,1282),(315,'Pelin Güler','05441010185','1991-05-04 00:00:00','2024-06-12 00:00:00','pelin.guler2@mail.com',2,2,NULL),(316,'Rızacan Yılmaz','05441010186','1996-12-05 00:00:00','2024-05-01 00:00:00','rizacan.yilmaz4@mail.com',10,1,1291),(317,'Selin Koçlar','05441010187','1993-07-29 00:00:00','2024-04-29 00:00:00','selin.koclar2@mail.com',7,3,NULL),(318,'Tamer Uçar','05441010188','1988-12-14 00:00:00','2024-03-06 00:00:00','tamer.ucar3@mail.com',11,5,1301),(319,'Umut Şahinlik','05441010189','1999-02-09 00:00:00','2024-06-19 00:00:00','umut.sahinlik2@mail.com',4,4,1232),(320,'Vildan Balcı','05441010190','1992-06-03 00:00:00','2024-05-28 00:00:00','vildan.balci2@mail.com',6,1,NULL),(321,'Yasin Tunçlu','05441010191','1997-08-16 00:00:00','2024-04-05 00:00:00','yasin.tunclu2@mail.com',12,3,1312),(322,'Zeynep Efeli','05441010192','1994-01-11 00:00:00','2024-03-22 00:00:00','zeynep.efeli2@mail.com',1,5,1207),(323,'Alp Durur','05441010193','1988-10-30 00:00:00','2024-06-14 00:00:00','alp.durur2@mail.com',5,2,1245),(324,'Banu Şensin','05441010194','1995-05-08 00:00:00','2024-05-09 00:00:00','banu.sensin2@mail.com',8,1,NULL),(325,'Cem Güneş','05441010195','1992-04-20 00:00:00','2024-04-02 00:00:00','cem.gunes2@mail.com',9,3,1281),(326,'Dilara Aksoy','05441010196','1998-11-04 00:00:00','2024-03-27 00:00:00','dilara.aksoy2@mail.com',2,4,1215),(327,'Ece Tunahan','05441010197','1993-02-14 00:00:00','2024-06-12 00:00:00','ece.tunahan2@mail.com',10,5,1292),(328,'Fırat Uçarı','05441010198','1987-09-06 00:00:00','2024-05-13 00:00:00','firat.ucari2@mail.com',7,2,NULL),(329,'Gökhan Kaya','05441010199','1999-03-25 00:00:00','2024-04-26 00:00:00','gokhan.kaya4@mail.com',11,1,1302),(330,'Hande Mertlik','05441010200','1994-10-18 00:00:00','2024-03-14 00:00:00','hande.mertlik3@mail.com',4,3,1233),(331,'Alper Demirel','05540000001','1990-07-25 00:00:00','2024-05-15 00:00:00','alper.demirel@mail.com',7,3,1263),(332,'Berna Akın','05540000002','1996-11-05 00:00:00','2024-06-02 00:00:00','berna.akin@mail.com',1,5,NULL),(333,'Can Hazar','05540000003','1985-03-12 00:00:00','2024-04-10 00:00:00','can.hazar@mail.com',5,2,1243),(334,'Didem Kaya','05540000004','1998-08-29 00:00:00','2024-03-28 00:00:00','didem.kaya@mail.com',12,1,1314),(335,'Ege Yılmaz','05540000005','1993-02-18 00:00:00','2024-06-19 00:00:00','ezel.yilmaz@mail.com',8,4,1273),(336,'Funda Mert','05540000006','1989-06-03 00:00:00','2024-05-07 00:00:00','ferhat.mert@mail.com',2,3,NULL),(337,'Gizem Şengül','05540000007','1997-10-25 00:00:00','2024-04-01 00:00:00','gokce.sengul@mail.com',9,1,1282),(338,'Hakan Balcı','05540000008','1992-12-14 00:00:00','2024-03-16 00:00:00','hakan.balci@mail.com',4,5,1232),(339,'İrem Canlı','05540000009','1986-07-09 00:00:00','2024-06-08 00:00:00','irem.canli2@mail.com',11,2,1302),(340,'Jale Kurt','05540000010','1999-01-01 00:00:00','2024-05-04 00:00:00','jale.kurt@mail.com',6,4,NULL),(341,'Kemal Koç','05540000011','1994-08-11 00:00:00','2024-04-20 00:00:00','kuzey.koc@mail.com',10,1,1291),(342,'Lale Erbay','05540000012','1990-05-17 00:00:00','2024-03-09 00:00:00','leyla.erbay@mail.com',3,3,1225),(343,'Murat Tuna','05540000013','1995-11-23 00:00:00','2024-06-11 00:00:00','melih.tuna@mail.com',1,5,1203),(344,'Nazlı Tekin','05540000014','1987-04-18 00:00:00','2024-05-29 00:00:00','nergis.tekin@mail.com',7,2,1263),(345,'Ozan Deniz','05540000015','1991-09-02 00:00:00','2024-04-05 00:00:00','oguz.deniz@mail.com',5,4,NULL),(346,'Pınar Aksöz','05540000016','1998-02-27 00:00:00','2024-03-22 00:00:00','pinaraksozmail.com',12,3,1312),(347,'Rıfat Sönmez','05540000017','1993-07-07 00:00:00','2024-06-01 00:00:00','rifat.sonmez@mail.com',8,1,1271),(348,'Selin Öz','05540000018','1989-12-25 00:00:00','2024-05-13 00:00:00','selin.oz@mail.com',2,5,1216),(349,'Tamer Güneş','05540000019','1997-06-03 00:00:00','2024-04-26 00:00:00','tanner.gunes@mail.com',9,2,NULL),(350,'Umut Fırat','05540000020','1992-01-11 00:00:00','2024-03-05 00:00:00','uras.firat@mail.com',4,4,1233),(351,'Vera Gök','05540000021','1994-08-05 00:00:00','2024-06-17 00:00:00','veragok@mail.com',11,3,1301),(352,'Yağmur Tunalı','05540000022','1998-03-17 00:00:00','2024-05-03 00:00:00','yagmur.tuna@mail.com',6,5,NULL),(353,'Zehra Balcı','05540000023','1990-10-30 00:00:00','2024-04-10 00:00:00','zeren.balci@mail.com',10,1,1292),(354,'Adem Aydınlık','05540000024','1995-05-24 00:00:00','2024-03-28 00:00:00','adem.aydin2@mail.com',3,2,1221),(355,'Buse Cansu','05540000025','1999-07-09 00:00:00','2024-06-10 00:00:00','buse.cansu@mail.com',7,4,1261),(356,'Cem Akkul','05540000026','1991-12-14 00:00:00','2024-05-27 00:00:00','cemakkul@mail.com',1,3,1206),(357,'Dilara Kılıç','05540000027','1987-04-01 00:00:00','2024-04-04 00:00:00','dilara.kilic@mail.com',5,5,NULL),(358,'Eren Arslan','05540000028','1996-05-18 00:00:00','2024-03-21 00:00:00','erren.arslan@mail.com',12,1,1311),(359,'Ferda Koç','05540000029','1992-11-03 00:00:00','2024-06-04 00:00:00','ferda.koc@mail.com',8,2,1272),(360,'Gökçe Polat','05540000030','1997-02-28 00:00:00','2024-05-29 00:00:00','gokce.polat@mail.com',2,4,NULL),(361,'Hale Durusu','05540000031','1993-09-12 00:00:00','2024-04-15 00:00:00','hale.durusu2@mail.com',9,3,1281),(362,'İlkay Yıldız','05540000032','1988-06-07 00:00:00','2024-03-08 00:00:00','ilkay.yildiz@mail.com',4,5,1231),(363,'Jülide Erdem','05540000033','1999-12-20 00:00:00','2024-06-19 00:00:00','julide.erdem@mail.com',11,1,NULL),(364,'Kaan Uçarı','05540000034','1995-03-15 00:00:00','2024-05-10 00:00:00','kaan.ucari@mail.com',6,2,1253),(365,'Leman Özer','05540000035','1991-10-09 00:00:00','2024-04-23 00:00:00','leman.ozer@mail.com',10,4,1292),(366,'Mert Şahin','05540000036','1996-01-29 00:00:00','2024-03-18 00:00:00','mert.sahin2@mail.com',3,5,1222),(367,'Nida Güler','05540000037','1993-08-04 00:00:00','2024-06-05 00:00:00','nida.guler2@mail.com',7,3,NULL),(368,'Oğuz Mert','05540000038','1987-05-11 00:00:00','2024-05-01 00:00:00','oguz.mert2@mail.com',1,4,1205),(369,'Pelin Aksoy','05540000039','1998-11-02 00:00:00','2024-04-19 00:00:00','pelin.aksoy3@mail.com',5,1,1246),(370,'Rüzgar Balcı','05540000040','1994-04-17 00:00:00','2024-03-03 00:00:00','ruzgar.balci@mail.com',12,2,1313),(371,'Selin Sena Duman','05540000041','1999-06-25 00:00:00','2024-06-12 00:00:00','sena.duman@mail.com',8,3,NULL),(372,'Tufan Arslan','05540000042','1990-12-19 00:00:00','2024-05-09 00:00:00','tufan.arslan2@mail.com',2,5,1214),(373,'Umut Kılıç','05540000043','1995-07-03 00:00:00','2024-04-26 00:00:00','umut.kilic@mail.com',9,4,1282),(374,'Leyla Güneş','05540000044','1992-02-08 00:00:00','2024-03-14 00:00:00','leyla.gunes2@mail.com',7,5,NULL),(375,'Yasin Mert','05540000045','1997-09-14 00:00:00','2024-06-08 00:00:00','yasin.mert3@mail.com',11,2,1302),(376,'Zehra Akın','05540000046','1993-04-20 00:00:00','2024-05-04 00:00:00','zehra.akin3@mail.com',4,1,1233),(377,'Alp Çelikel','05540000047','1988-11-06 00:00:00','2024-04-20 00:00:00','alp.celik3@mail.com',6,3,1252),(378,'Banu Tuna','05540000048','1995-05-13 00:00:00','2024-03-09 00:00:00','banu.tuna3@mail.com',1,5,1202),(379,'Can Duru','05540000049','2000-01-28 00:00:00','2024-06-19 00:00:00','can.duru@mail.com',5,4,NULL),(380,'Dilara Özer','05540000050','1994-07-26 00:00:00','2024-05-15 00:00:00','dilara.ozer3@mail.com',8,2,1271),(381,'Ece Aksoylu','05540000051','1991-12-03 00:00:00','2024-04-01 00:00:00','ece.aksoylu3@mail.com',9,3,1281),(382,'Fırat Güçlü','05540000052','1998-03-10 00:00:00','2024-03-16 00:00:00','firat.guclu3@mail.com',2,1,NULL),(383,'Gökhan Şensiz','05540000053','1993-06-25 00:00:00','2024-06-04 00:00:00','gokhan.sensiz4@mail.com',10,5,1292),(384,'Hande Yılmaz','05540000054','1987-10-18 00:00:00','2024-05-29 00:00:00','hande.yilmaz3@mail.com',7,4,1261),(385,'İpek Balcık','05540000055','1999-12-01 00:00:00','2024-04-17 00:00:00','ipek.balcik3@mail.com',11,2,NULL),(386,'Jale Tansağtürk','05540000056','1994-05-06 00:00:00','2024-03-10 00:00:00','jale.tansgtrk@mail.com',4,3,1231),(387,'Kemal Mert','05540000057','1991-11-20 00:00:00','2024-06-16 00:00:00','kemal.mert4@mail.com',12,1,1313),(388,'Lale Uçmaz','05540000058','1996-03-08 00:00:00','2024-05-11 00:00:00','lale.ucmaz@mail.com',6,5,NULL),(389,'Mert Arslantürk','05540000059','1988-10-23 00:00:00','2024-04-24 00:00:00','mert.arslanturk4@mail.com',1,4,1206),(390,'Nazlı Erenköy','05540000060','1995-02-17 00:00:00','2024-03-03 00:00:00','nazli.erenkoy3@mail.com',5,2,1244),(391,'Ozan Duman','05540000061','1992-07-29 00:00:00','2024-06-15 00:00:00','ozan.duman3@mail.com',8,1,1272),(392,'Pınar Kaya','05540000062','1997-09-15 00:00:00','2024-05-07 00:00:00','pinar.kaya5@mail.com',9,3,NULL),(393,'Rıza Şahinkaya','05540000063','1990-12-18 00:00:00','2024-04-09 00:00:00','riza.sahinkaya3@mail.com',2,4,1216),(394,'Simge Tunal','05540000064','1996-04-01 00:00:00','2024-03-26 00:00:00','simge.tunal3@mail.com',10,5,1292),(395,'Tufan Kılıç','05540000065','1993-09-07 00:00:00','2024-06-19 00:00:00','tufan.kilic3@mail.com',7,2,NULL),(396,'Umut Aral','05540000066','1987-03-24 00:00:00','2024-05-14 00:00:00','umut.aral3@mail.com',11,1,1301),(397,'Vildan Şimşek','05540000067','1999-06-12 00:00:00','2024-04-04 00:00:00','vildan.simsek3@mail.com',4,3,1232),(398,'Yasin Erenli','05540000068','1994-11-20 00:00:00','2024-03-01 00:00:00','yasin.erenli3@mail.com',12,4,1314),(399,'Zeynep Aksoy','05540000069','1991-05-05 00:00:00','2024-06-11 00:00:00','zeynep.aksoy4@mail.com',6,5,NULL),(400,'Alp Güneş','05540000070','1998-01-19 00:00:00','2024-05-20 00:00:00','alp.gunes3@mail.com',9,2,1281),(401,'Banu Karakaya','05540000071','1993-06-28 00:00:00','2024-04-18 00:00:00','banu.karakaya3@mail.com',1,1,1201),(402,'Cemil Erdem','05540000072','1986-12-07 00:00:00','2024-03-07 00:00:00','cem.erdem3@mail.com',5,3,NULL),(403,'Dilara Uçarsız','05540000073','1999-04-20 00:00:00','2024-06-18 00:00:00','dilara.ucarsiz3@mail.com',8,4,1273),(404,'Ece Şahin','05540000074','1994-10-03 00:00:00','2024-05-09 00:00:00','ece.sahin4@mail.com',2,5,1211),(405,'Fırat Şengün','05540000075','1989-05-16 00:00:00','2024-04-26 00:00:00','firat.sengn4@mail.com',10,2,NULL),(406,'Gökhan Vural','05540000076','1997-12-01 00:00:00','2024-03-14 00:00:00','gokhan.vural4@mail.com',7,1,1263),(407,'Hande Koçtaş','05540000077','1992-06-20 00:00:00','2024-06-10 00:00:00','hande.koccc3@mail.com',11,3,1302),(408,'İpek Aksoy','05540000078','1995-12-25 00:00:00','2024-05-04 00:00:00','ipek.aksoy4@mail.com',4,4,1231),(409,'Jale Tunar','05540000079','1990-03-12 00:00:00','2024-04-20 00:00:00','jale.tunar3@mail.com',6,5,NULL),(410,'Kemal Şimşek','05540000080','1996-09-08 00:00:00','2024-03-09 00:00:00','kemal.simsek3@mail.com',12,2,1313),(411,'Lale Demirtaş','05540000081','1993-01-27 00:00:00','2024-06-17 00:00:00','lale.demirtas3@mail.com',1,1,1205),(412,'Mert Duman','05540000082','1987-08-16 00:00:00','2024-05-27 00:00:00','mert.duman3@mail.com',5,3,NULL),(413,'Nazlı Ergün','05540000083','1998-03-29 00:00:00','2024-04-03 00:00:00','nazli.ergun3@mail.com',8,5,1271),(414,'Ozan Arslan','05540000084','1994-10-11 00:00:00','2024-03-21 00:00:00','ozan.arslan4@mail.com',9,4,1282),(415,'Pelin Güler','05540000085','1991-05-04 00:00:00','2024-06-12 00:00:00','pelin.guler3@mail.com',2,2,NULL),(416,'Rıza Yılmaz','05540000086','1996-12-05 00:00:00','2024-05-01 00:00:00','riza.yilmaz5@mail.com',10,1,1291),(417,'Selin Koçlut','05540000087','1993-07-29 00:00:00','2024-04-29 00:00:00','selin.koclut3@mail.com',7,3,NULL),(418,'Tamer Uçar','05540000088','1988-12-14 00:00:00','2024-03-06 00:00:00','tamer.ucar4@mail.com',11,5,1301),(419,'Umut Şahin','05540000089','1999-02-09 00:00:00','2024-06-19 00:00:00','umut.sahin3@mail.com',4,4,1232),(420,'Vildan Balcıgil','05540000090','1992-06-03 00:00:00','2024-05-28 00:00:00','vildan.balcigil3@mail.com',6,1,NULL),(421,'Yasin Tunç','05540000091','1997-08-16 00:00:00','2024-04-05 00:00:00','yasin.tunc3@mail.com',12,3,1312),(422,'Zeynep Efe','05540000092','1994-01-11 00:00:00','2024-03-22 00:00:00','zeynep.efe3@mail.com',1,5,1207),(423,'Alp Duru','05540000093','1988-10-30 00:00:00','2024-06-14 00:00:00','alp.duru3@mail.com',5,2,1245),(424,'Banusu Şen','05540000094','1995-05-08 00:00:00','2024-05-09 00:00:00','banususen3@mail.com',8,1,NULL),(425,'Cem Güneşlik','05540000095','1992-04-20 00:00:00','2024-04-02 00:00:00','cem.guneslik3@mail.com',9,3,1281),(426,'Dilara Aksoy','05540000096','1998-11-04 00:00:00','2024-03-27 00:00:00','dilara.aksoy3@mail.com',2,4,1215),(427,'Ece Tunahan','05540000097','1993-02-14 00:00:00','2024-06-12 00:00:00','ece.tunahan3@mail.com',10,5,1292),(428,'Fırat Umut','05540000098','1987-09-06 00:00:00','2024-05-13 00:00:00','firat.umut3@mail.com',7,2,NULL),(429,'Gökhan Kaya','05540000099','1999-03-25 00:00:00','2024-04-26 00:00:00','gokhan.kaya5@mail.com',11,1,1302),(430,'Hande Mert','05540000100','1994-10-18 00:00:00','2024-03-14 00:00:00','hande.mert4@mail.com',4,3,1233),(431,'İpek Öztürk','05540000101','1991-03-21 00:00:00','2024-05-15 00:00:00','ipek.ozturk@mail.com',7,3,1263),(432,'Jale Akıncı','05540000102','1996-08-05 00:00:00','2024-06-02 00:00:00','jale.akinci@mail.com',1,5,NULL),(433,'Kaan Çelikel','05540000103','1985-11-12 00:00:00','2024-04-10 00:00:00','kaan.celikell@mail.com',5,2,1243),(434,'Lale Kayalık','05540000104','1998-01-29 00:00:00','2024-03-28 00:00:00','lale.kayalik@mail.com',12,1,1314),(435,'Mert Yılmazer','05540000105','1993-06-18 00:00:00','2024-06-19 00:00:00','mert.yilmazer2@mail.com',8,4,1273),(436,'Nida Demir','05540000106','1989-10-03 00:00:00','2024-05-07 00:00:00','nida.demir@mail.com',2,3,NULL),(437,'Okan Şensoy','05540000107','1997-04-25 00:00:00','2024-04-01 00:00:00','okan.sensoy2@mail.com',9,1,1282),(438,'Pelin Balcılar','05540000108','1992-12-14 00:00:00','2024-03-16 00:00:00','pelin.balcilar@mail.com',4,5,1233),(439,'Rıza Cansuz','05540000109','1986-07-09 00:00:00','2024-06-08 00:00:00','riza.cansuz@mail.com',11,2,1302),(440,'Selin Kurtaran','05540000110','1999-02-01 00:00:00','2024-05-04 00:00:00','selin.kurtaran@mail.com',6,4,NULL),(441,'Tufan Koç','05540000111','1994-08-11 00:00:00','2024-04-20 00:00:00','tufan.koc2@mail.com',10,1,1291),(442,'Umut Erdem','05540000112','1990-05-17 00:00:00','2024-03-09 00:00:00','umut.erdem@mail.com',3,3,1225),(443,'Vildan Mert','05540000113','1995-11-23 00:00:00','2024-06-11 00:00:00','vildan.mert@mail.com',1,5,1203),(444,'Yasin Tekin','05540000114','1987-04-18 00:00:00','2024-05-29 00:00:00','yasin.tekin@mail.com',7,2,1263),(445,'Zeynep Deniz','05540000115','1991-09-02 00:00:00','2024-04-05 00:00:00','zeynep.deniz@mail.com',5,4,NULL),(446,'Atilla Aksu','05540000116','1998-02-27 00:00:00','2024-03-22 00:00:00','atilla.aksu@mail.com',12,3,1312),(447,'Burçin Sönmez','05540000117','1993-07-07 00:00:00','2024-06-01 00:00:00','burcin.sonmez@mail.com',8,1,1271),(448,'Canan Özlem','05540000118','1989-12-25 00:00:00','2024-05-13 00:00:00','canan.ozlem@mail.com',2,5,1216),(449,'Deniz Güneş','05540000119','1997-06-03 00:00:00','2024-04-26 00:00:00','deniz.gunes@mail.com',9,2,NULL),(450,'Ebru Fırat','05540000120','1992-01-11 00:00:00','2024-03-05 00:00:00','ebru.firat@mail.com',4,4,1232),(451,'Fırat Gök','05540000121','1994-08-05 00:00:00','2024-06-17 00:00:00','firat.gok@mail.com',11,3,1301),(452,'Güliz Tunacı','05540000122','1998-03-17 00:00:00','2024-05-03 00:00:00','guliz.tunaci@mail.com',6,5,NULL),(453,'Hakan Balçık','05540000123','1990-10-30 00:00:00','2024-04-10 00:00:00','hakan.balcik2@mail.com',10,1,1292),(454,'İrem Aydın','05540000124','1995-05-24 00:00:00','2024-03-28 00:00:00','irem.aydin@mail.com',3,2,1221),(455,'Jale Canberk','05540000125','1999-07-09 00:00:00','2024-06-10 00:00:00','jale.canberk@mail.com',7,4,1261),(456,'Kadir Aksözlü','05540000126','1991-12-14 00:00:00','2024-05-27 00:00:00','kadir.aksöz2@mail.com',1,3,1206),(457,'Lale Kılıçaslan','05540000127','1987-04-01 00:00:00','2024-04-04 00:00:00','lale.kilicaslan2@mail.com',5,5,NULL),(458,'Melih Arslan','05540000128','1996-05-18 00:00:00','2024-03-21 00:00:00','melih.arslan2@mail.com',12,1,1311),(459,'Nergis Koç','05540000129','1992-11-03 00:00:00','2024-06-04 00:00:00','nergis.koc2@mail.com',8,2,1272),(460,'Oğuzhan Polat','05540000130','1997-02-28 00:00:00','2024-05-29 00:00:00','oguzhan.polat2@mail.com',2,4,NULL),(461,'Pelin Duru','05540000131','1993-09-12 00:00:00','2024-04-15 00:00:00','pelin.duru2@mail.com',9,3,1281),(462,'Ramazan Yıldız','05540000132','1988-06-07 00:00:00','2024-03-08 00:00:00','ramazan.yildiz2@mail.com',4,5,1233),(463,'Sena Erdem','05540000133','1999-12-20 00:00:00','2024-06-19 00:00:00','sena.erdem2@mail.com',11,1,NULL),(464,'Tarık Uçar','05540000134','1995-03-15 00:00:00','2024-05-10 00:00:00','tarik.ucar2@mail.com',6,2,1253),(465,'Umut Özer','05540000135','1991-10-09 00:00:00','2024-04-23 00:00:00','umut.ozer2@mail.com',10,4,1292),(466,'Aden Şahin','05540000136','1996-01-29 00:00:00','2024-03-18 00:00:00','aden.sahin2@mail.com',3,5,1222),(467,'Yasin Güleri','05540000137','1993-08-04 00:00:00','2024-06-05 00:00:00','yasin.gulerii2@mail.com',7,3,NULL),(468,'Zeynep Mert','05540000138','1987-05-11 00:00:00','2024-05-01 00:00:00','zeynep.mert2@mail.com',1,4,1205),(469,'Ayşe Aksoy','05540000139','1998-11-02 00:00:00','2024-04-19 00:00:00','ayse.aksoy2@mail.com',5,1,1246),(470,'Bülent Balcı','05540000140','1994-04-17 00:00:00','2024-03-03 00:00:00','bulent.balci2@mail.com',12,2,1313),(471,'Cansu Duman','05540000141','1999-06-25 00:00:00','2024-06-12 00:00:00','cansu.duman2@mail.com',8,3,NULL),(472,'Davut Eryaman','05540000142','1990-12-19 00:00:00','2024-05-09 00:00:00','davut.eryaman2@mail.com',2,5,1214),(473,'Emel Fidan','05540000143','1995-07-03 00:00:00','2024-04-26 00:00:00','emel.fidan2@mail.com',9,4,1282),(474,'Gökhan Kaya','05540000144','1992-02-08 00:00:00','2024-03-14 00:00:00','gokhan.kaya6@mail.com',4,1,1231),(475,'Hülya Koç','05540000145','1997-09-14 00:00:00','2024-06-08 00:00:00','hulya.koc2@mail.com',11,5,1301),(476,'İbrahim Tuna','05540000146','1993-04-20 00:00:00','2024-05-04 00:00:00','ibrahim.tuna2@mail.com',6,2,NULL),(477,'Jalesu Kemal','05540000147','1988-11-06 00:00:00','2024-04-20 00:00:00','jale.kemal@mail.com',10,3,1291),(478,'Kemal Şenol','05540000148','1995-05-13 00:00:00','2024-03-09 00:00:00','kemal.senol2@mail.com',3,4,1223),(479,'Leman Deniz','05540000149','1991-07-15 00:00:00','2024-06-19 00:00:00','leman.deniz2@mail.com',7,1,NULL),(480,'Mert Aral','05540000150','1998-03-10 00:00:00','2024-05-15 00:00:00','mert.aral2@mail.com',1,5,1207),(481,'Nida Güneş','05540000151','1993-06-25 00:00:00','2024-04-01 00:00:00','nida.gunes2@mail.com',5,2,1244),(482,'Okan Kılıç','05540000152','1987-10-18 00:00:00','2024-03-16 00:00:00','okan.kilic2@mail.com',12,4,1314),(483,'Pınar Sönmez','05540000153','1999-12-01 00:00:00','2024-06-08 00:00:00','pinar.sonmez2@mail.com',8,3,NULL),(484,'Rıfat Tanrıkulu','05540000154','1994-05-06 00:00:00','2024-05-04 00:00:00','rifat.tanrıkulu2@mail.com',2,1,1211),(485,'Selin Vural','05540000155','1991-11-20 00:00:00','2024-04-20 00:00:00','selin.vural2@mail.com',9,5,1281),(486,'Tufan Yücel','05540000156','1996-03-08 00:00:00','2024-03-09 00:00:00','tufan.yucel2@mail.com',4,2,1232),(487,'Umut Aksoy','05540000157','1988-10-23 00:00:00','2024-06-16 00:00:00','umut.aksoy2@mail.com',11,4,NULL),(488,'Vildan Cansöz','05540000158','1995-02-17 00:00:00','2024-05-11 00:00:00','vildan.cansoz2@mail.com',6,1,1253),(489,'Yasin Özkan','05540000159','1992-07-29 00:00:00','2024-04-24 00:00:00','yasin.ozkan2@mail.com',10,3,1292),(490,'Zehra Polat','05540000160','1997-09-15 00:00:00','2024-03-03 00:00:00','zehra.polat2@mail.com',3,5,1224),(491,'Alican Duman','05540000161','1990-12-18 00:00:00','2024-06-15 00:00:00','alican.duman2@mail.com',7,2,NULL),(492,'Burcu Şahin','05540000162','1996-04-01 00:00:00','2024-05-07 00:00:00','burcu.sahin2@mail.com',1,4,1204),(493,'Cemil Demir','05540000163','1993-09-07 00:00:00','2024-04-09 00:00:00','cemil.demir2@mail.com',5,1,1246),(494,'Didem Koç','05540000164','1987-03-24 00:00:00','2024-03-26 00:00:00','didem.koc2@mail.com',12,3,1312),(495,'Eren Kılıç','05540000165','1999-06-12 00:00:00','2024-06-19 00:00:00','eren.kilic2@mail.com',8,5,NULL),(496,'Funda Aral','05540000166','1994-11-20 00:00:00','2024-05-14 00:00:00','funda.aral2@mail.com',2,2,1213),(497,'Gökçe Şimşek','05540000167','1991-05-05 00:00:00','2024-04-04 00:00:00','gokce.simsek2@mail.com',9,4,1282),(498,'Hakan Eren','05540000168','1998-01-19 00:00:00','2024-03-01 00:00:00','hakan.eren2@mail.com',4,1,1233),(499,'İpek Aksoy','05540000169','1993-06-28 00:00:00','2024-06-11 00:00:00','ipek.aksoy5@mail.com',6,3,NULL),(500,'Jülide Güneş','05540000170','1986-12-07 00:00:00','2024-05-20 00:00:00','julide.gunes2@mail.com',10,5,1291),(501,'Sezgin Mert','05570000001','1995-12-01 00:00:00','2024-06-19 00:00:00','sezgin.mert@mail.com',3,2,1225),(502,'Tanem Yücel','05570000002','1990-03-15 00:00:00','2024-05-18 00:00:00','tanem.yucel@mail.com',7,4,1261),(503,'Ufuk Erdem','05570000003','1987-11-28 00:00:00','2024-04-05 00:00:00','ufuk.erdem@mail.com',1,5,NULL),(504,'Vildan Can','05570000004','1998-05-19 00:00:00','2024-03-22 00:00:00','vildan.can3@mail.com',5,1,1241),(505,'Yaman Duru','05570000005','1992-10-04 00:00:00','2024-06-14 00:00:00','yaman.duru@mail.com',12,3,1314),(506,'Zuhal Şimşek','05570000006','1997-02-17 00:00:00','2024-05-09 00:00:00','zuhal.simsek@mail.com',8,4,1273),(507,'Arda Koç','05570000007','1993-06-25 00:00:00','2024-04-02 00:00:00','arda.koc@mail.com',2,1,1211),(508,'Berrak Şen','05570000008','1986-12-09 00:00:00','2024-03-27 00:00:00','berrak.sen@mail.com',9,3,1282),(509,'Cenk Yılmaz','05570000009','1999-04-18 00:00:00','2024-06-12 00:00:00','cenk.yilmaz@mail.com',4,5,NULL),(510,'Deniz Tekin','05570000010','1994-09-03 00:00:00','2024-05-13 00:00:00','deniz.tekin3@mail.com',10,2,1291),(511,'Ebru Aksoy','05570000011','1991-05-20 00:00:00','2024-04-26 00:00:00','ebru.aksoy@mail.com',6,4,1253),(512,'Furkan Erdem','05570000012','1988-12-14 00:00:00','2024-03-14 00:00:00','furkan.erdem@mail.com',11,1,NULL),(513,'Gizem Güneş','05570000013','1995-10-27 00:00:00','2024-06-08 00:00:00','gizem.gunes@mail.com',3,3,1221),(514,'Hazar Polat','05570000014','1990-01-29 00:00:00','2024-05-04 00:00:00','hazar.polat@mail.com',7,5,1262),(515,'İlkay Tunç','05570000015','1997-06-12 00:00:00','2024-04-20 00:00:00','ilkay.tuncc@mail.com',1,1,1201),(516,'Jülide Balkuş','05570000016','1993-01-22 00:00:00','2024-03-09 00:00:00','julide.balkus@mail.com',5,3,NULL),(517,'Kıvanç Demir','05570000017','1986-07-07 00:00:00','2024-06-17 00:00:00','kivanc.demir@mail.com',12,4,1313),(518,'Lara Kılıç','05570000018','1999-03-03 00:00:00','2024-05-27 00:00:00','lara.kilic@mail.com',8,1,1272),(519,'Mert Vural','05570000019','1994-08-18 00:00:00','2024-04-15 00:00:00','mert.vural2@mail.com',2,3,NULL),(520,'Nisa Akın','05570000020','1991-02-11 00:00:00','2024-03-03 00:00:00','nisa.akin@mail.com',9,5,1281),(521,'Ozan Tan','05570000021','1996-05-04 00:00:00','2024-06-10 00:00:00','ozan.tan4@mail.com',4,2,1231),(522,'Pelin Erkut','05570000022','1992-11-20 00:00:00','2024-05-01 00:00:00','pelin.erkut@mail.com',10,4,1292),(523,'Rıza Yücel','05570000023','1998-03-29 00:00:00','2024-04-29 00:00:00','riza.yucel@mail.com',7,1,NULL),(524,'Selin Şahin','05570000024','1993-04-20 00:00:00','2024-03-16 00:00:00','selin.sahin2@mail.com',11,3,1301),(525,'Tamer Duman','05570000025','1987-10-18 00:00:00','2024-06-04 00:00:00','tamer.duman@mail.com',6,5,1252),(526,'Umut Aral','05570000026','1999-01-29 00:00:00','2024-05-29 00:00:00','umut.aral4@mail.com',1,2,NULL),(527,'Burak Koç','05570000027','1994-07-15 00:00:00','2024-04-17 00:00:00','brkk.koc@mail.com',5,4,1244),(528,'Yasin Güneş','05570000028','1991-12-03 00:00:00','2024-03-28 00:00:00','yasin.gunes2@mail.com',12,1,1311),(529,'Zeynep Mert','05570000029','1998-05-08 00:00:00','2024-06-10 00:00:00','zeynep.mert3@mail.com',8,3,1271),(530,'Alp Kara','05570000030','1992-06-01 00:00:00','2024-05-01 00:00:00','alp.kara@mail.com',9,5,NULL),(531,'Banu Çelik','05570000031','1997-09-14 00:00:00','2024-04-19 00:00:00','banu.celik3@mail.com',4,2,1233),(532,'Can Şahin','05570000032','1993-02-27 00:00:00','2024-03-07 00:00:00','can.sahin@mail.com',10,4,1292),(533,'Dilara Tuna','05570000033','1986-11-20 00:00:00','2024-06-19 00:00:00','dilara.tuna@mail.com',3,1,NULL),(534,'Ece Yılmaz','05570000034','1999-04-05 00:00:00','2024-05-14 00:00:00','ece.yilmaz2@mail.com',7,3,1263),(535,'Fırat Duman','05570000035','1994-08-30 00:00:00','2024-04-23 00:00:00','firat.duman2@mail.com',11,5,1302),(536,'Gökhan Aras','05570000036','1991-05-11 00:00:00','2024-03-18 00:00:00','gokhan.aras@mail.com',6,2,1251),(537,'Hale Akın','05570000037','1998-12-25 00:00:00','2024-06-05 00:00:00','hale.akin@mail.com',1,4,NULL),(538,'İlkay Mert','05570000038','1993-02-11 00:00:00','2024-05-01 00:00:00','ilkay.mert@mail.com',5,1,1246),(539,'Jülide Tamkul','05570000039','1987-09-06 00:00:00','2024-04-19 00:00:00','julide.tamkul@mail.com',12,3,1314),(540,'Kadir Kılıç','05570000040','1999-01-30 00:00:00','2024-03-03 00:00:00','kadir.kilic@mail.com',8,5,1273),(541,'Leman Tunay','05570000041','1994-07-26 00:00:00','2024-06-12 00:00:00','leman.tunay@mail.com',9,2,NULL),(542,'Mert Özkan','05570000042','1991-12-14 00:00:00','2024-05-09 00:00:00','mert.ozkan3@mail.com',4,4,1231),(543,'Nisa Polat','05570000043','1998-03-25 00:00:00','2024-04-26 00:00:00','nisa.polat@mail.com',10,1,1291),(544,'Okan Duru','05570000044','1993-06-18 00:00:00','2024-03-14 00:00:00','okan.duru@mail.com',3,3,1226),(545,'Pelin Şen','05570000045','1986-12-07 00:00:00','2024-06-08 00:00:00','pelin.sen@mail.com',7,5,NULL),(546,'Rıza Yücel','05570000046','1997-04-20 00:00:00','2024-05-04 00:00:00','riza.yucel2@mail.com',11,2,1301),(547,'Selin Aksoy','05570000047','1992-07-09 00:00:00','2024-04-20 00:00:00','selin.aksoy2@mail.com',6,4,1253),(548,'Tamer Duman','05570000048','1999-01-19 00:00:00','2024-03-27 00:00:00','tamer.duman2@mail.com',1,1,1207),(549,'Umut Erdemli','05570000049','1994-11-04 00:00:00','2024-06-19 00:00:00','umut.er2@mail.com',5,3,NULL),(550,'Senem Şahin','05570000050','1991-05-11 00:00:00','2024-05-28 00:00:00','senem.sahin3@mail.com',12,5,1311),(551,'Yasin Tunak','05570000051','1998-03-01 00:00:00','2024-04-05 00:00:00','yasin.tunak@mail.com',8,1,1272),(552,'Zeynep Koç','05570000052','1993-06-20 00:00:00','2024-03-22 00:00:00','zeynep.koc4@mail.com',2,3,1213),(553,'Alp Mert','05570000053','1987-11-06 00:00:00','2024-06-10 00:00:00','alp.mert@mail.com',9,4,NULL),(554,'Banu Kılıç','05570000054','1996-05-18 00:00:00','2024-05-01 00:00:00','banu.kilic@mail.com',4,1,1233),(555,'Cem Uçar','05570000055','1991-03-24 00:00:00','2024-04-29 00:00:00','cem.ucar@mail.com',10,3,1292),(556,'Dilara Akın','05570000056','1998-10-18 00:00:00','2024-03-06 00:00:00','dilara.akin@mail.com',3,5,1224),(557,'Ece Polat','05570000057','1993-02-14 00:00:00','2024-06-17 00:00:00','ece.polat@mail.com',7,2,NULL),(558,'Fırat Şimşek','05570000058','1986-12-03 00:00:00','2024-05-27 00:00:00','firat.simsek@mail.com',11,4,1302),(559,'Gökhan Duru','05570000059','1999-04-20 00:00:00','2024-04-01 00:00:00','gokhan.duru2@mail.com',6,1,1251),(560,'Hande Güler','05570000060','1994-07-26 00:00:00','2024-03-16 00:00:00','hande.guler@mail.com',1,5,1202),(561,'İlkay Koral','05570000061','1991-12-14 00:00:00','2024-06-04 00:00:00','ilkay.koral@mail.com',5,2,NULL),(562,'Jale Aral','05570000062','1998-03-10 00:00:00','2024-05-29 00:00:00','jale.aral@mail.com',12,4,1314),(563,'Kadir Şen','05570000063','1993-06-25 00:00:00','2024-04-15 00:00:00','kadir.sen2@mail.com',8,1,1273),(564,'Lara Tunasan','05570000064','1987-10-18 00:00:00','2024-03-08 00:00:00','lara.tunasan@mail.com',2,3,1215),(565,'Mert Arslan','05570000065','1999-12-01 00:00:00','2024-06-19 00:00:00','mert.arslan5@mail.com',9,5,NULL),(566,'Nisa Balcıgil','05570000066','1994-05-06 00:00:00','2024-05-14 00:00:00','nisa.balcigil@mail.com',4,2,1232),(567,'Okan Erdem','05570000067','1991-11-20 00:00:00','2024-04-23 00:00:00','okan.erdem@mail.com',10,4,1291),(568,'Pelin Güneş','05570000068','1996-03-08 00:00:00','2024-03-18 00:00:00','pelin.gunes2@mail.com',3,1,1223),(569,'Rıza Yücelbaş','05570000069','1988-10-23 00:00:00','2024-06-05 00:00:00','riza.yucelbas3@mail.com',7,3,NULL),(570,'Selin Duman','05570000070','1995-02-17 00:00:00','2024-05-01 00:00:00','selin.duman2@mail.com',11,5,1301),(571,'Tamer Uçar','05570000071','1992-07-29 00:00:00','2024-04-19 00:00:00','tamer.ucar5@mail.com',6,1,1252),(572,'Umut Aksoy','05570000072','1997-09-15 00:00:00','2024-03-28 00:00:00','umut.aksoy4@mail.com',1,3,NULL),(573,'Rana Şahin','05570000073','1990-12-18 00:00:00','2024-06-12 00:00:00','ranaa.sahin4@mail.com',5,5,1245),(574,'Yasin Tunçtaş','05570000074','1996-04-01 00:00:00','2024-05-09 00:00:00','yasin.tunctas4@mail.com',12,2,1312),(575,'Zehra Polat','05570000075','1993-09-07 00:00:00','2024-04-26 00:00:00','zehra.polat3@mail.com',8,4,1273),(576,'Alp Duman','05570000076','1987-03-24 00:00:00','2024-03-14 00:00:00','alp.duman@mail.com',2,1,NULL),(577,'Banu Erkut','05570000077','1999-06-12 00:00:00','2024-06-08 00:00:00','banu.erkut@mail.com',9,3,1281),(578,'Cem Güneşol','05570000078','1994-11-20 00:00:00','2024-05-04 00:00:00','cem.gunesol4@mail.com',4,5,1233),(579,'Dilara Koçak','05570000079','1991-05-05 00:00:00','2024-04-20 00:00:00','dilara.kocak@mail.com',10,2,1292),(580,'Ece Şimşek','05570000080','1998-01-19 00:00:00','2024-03-01 00:00:00','ece.simsek@mail.com',7,4,1263),(581,'Fırat Çelikdemir','05570000081','1993-06-28 00:00:00','2024-06-11 00:00:00','firat.celikdemir@mail.com',11,1,NULL),(582,'Gökhan Aras','05570000082','1986-12-07 00:00:00','2024-05-20 00:00:00','gokhan.aras2@mail.com',6,3,1253),(583,'Hande Kaya','05570000083','1999-04-20 00:00:00','2024-04-03 00:00:00','hande.kaya@mail.com',1,5,1203),(584,'İpek Duru','05570000084','1994-10-03 00:00:00','2024-03-21 00:00:00','ipek.duru@mail.com',5,2,1242),(585,'Nurel Mert','05570000085','1989-05-16 00:00:00','2024-06-18 00:00:00','nurel.mert@mail.com',12,4,1314),(586,'Kaan Kaz','05570000086','1997-12-01 00:00:00','2024-05-09 00:00:00','kaan.kaz@mail.com',8,1,1271),(587,'Lale Yılmaz','05570000087','1992-06-20 00:00:00','2024-04-26 00:00:00','lale.yilmaz3@mail.com',2,3,NULL),(588,'Mert Koçtaş','05570000088','1995-12-25 00:00:00','2024-03-14 00:00:00','mert.kocctas@mail.com',9,5,1282),(589,'Nisa Tunahan','05570000089','1990-03-12 00:00:00','2024-06-10 00:00:00','nisa.tunahan@mail.com',4,2,1232),(590,'Okan Polat','05570000090','1996-09-08 00:00:00','2024-05-01 00:00:00','okan.polat@mail.com',10,4,1291),(591,'Pelin Erkek','05570000091','1993-01-27 00:00:00','2024-04-19 00:00:00','pelin.erkek2@mail.com',7,1,NULL),(592,'Rıza Yılmaz','05570000092','1987-08-16 00:00:00','2024-03-03 00:00:00','riza.yilmaz6@mail.com',11,3,1301),(593,'Selin Tunçkalp','05570000093','1998-03-29 00:00:00','2024-06-17 00:00:00','selin.tunckalp@mail.com',6,5,1251),(594,'Tamer Duman','05570000094','1994-10-11 00:00:00','2024-05-27 00:00:00','tamer.duman3@mail.com',1,2,1206),(595,'Umut Mert','05570000095','1991-05-04 00:00:00','2024-04-05 00:00:00','umut.mert4@mail.com',5,4,NULL),(596,'Aleyna Şimşek','05570000096','1996-12-05 00:00:00','2024-03-21 00:00:00','aleyna.simsek@mail.com',12,1,1311),(597,'Yasin Çelikbilek','05570000097','1993-07-29 00:00:00','2024-06-12 00:00:00','yasin.celik@mail.com',8,3,1273),(598,'Zeynep Aksoy','05570000098','1988-12-14 00:00:00','2024-05-09 00:00:00','zeynep.aksoy5@mail.com',2,5,1214),(599,'Alp Güler','05570000099','1999-02-09 00:00:00','2024-04-26 00:00:00','alp.guler@mail.com',9,2,NULL),(600,'Banu Aydın','05570000100','1992-06-03 00:00:00','2024-03-14 00:00:00','banu.aydin@mail.com',4,4,1231);
/*!40000 ALTER TABLE `member` ENABLE KEYS */;
UNLOCK TABLES;

--
-- Table structure for table `membership_plan`
--

DROP TABLE IF EXISTS `membership_plan`;
/*!40101 SET @saved_cs_client     = @@character_set_client */;
/*!50503 SET character_set_client = utf8mb4 */;
CREATE TABLE `membership_plan` (
  `plan_id` int NOT NULL,
  `plan_name` varchar(45) NOT NULL,
  `duration_months` int NOT NULL,
  `monthly_fee` decimal(10,2) NOT NULL,
  `description` varchar(300) NOT NULL,
  PRIMARY KEY (`plan_id`)
) ENGINE=InnoDB DEFAULT CHARSET=utf8mb4 COLLATE=utf8mb4_0900_ai_ci;
/*!40101 SET character_set_client = @saved_cs_client */;

--
-- Dumping data for table `membership_plan`
--

LOCK TABLES `membership_plan` WRITE;
/*!40000 ALTER TABLE `membership_plan` DISABLE KEYS */;
INSERT INTO `membership_plan` VALUES (1,'Temel 1 Aylık',1,675.00,'Tüm kardiyo ve ağırlık alanlarına erişim.'),(2,'Premium 3 Aylık',3,560.50,'Temel erişim + tüm grup dersleri ve sauna.'),(3,'Yıllık Sınırsız',12,415.00,'Tüm tesisler, dersler ve havuz/spa kullanımı.'),(4,'Öğrenci 6 Aylık',6,320.00,'Öğrenci kimliği zorunludur.'),(5,'Aile Paketi Yıllık',12,825.90,'İki yetişkin için sınırsız erişim.');
/*!40000 ALTER TABLE `membership_plan` ENABLE KEYS */;
UNLOCK TABLES;

--
-- Table structure for table `time_slot`
--

DROP TABLE IF EXISTS `time_slot`;
/*!40101 SET @saved_cs_client     = @@character_set_client */;
/*!50503 SET character_set_client = utf8mb4 */;
CREATE TABLE `time_slot` (
  `slot_id` int NOT NULL,
  `start_time` time NOT NULL,
  `end_time` time NOT NULL,
  PRIMARY KEY (`slot_id`)
) ENGINE=InnoDB DEFAULT CHARSET=utf8mb4 COLLATE=utf8mb4_0900_ai_ci;
/*!40101 SET character_set_client = @saved_cs_client */;

--
-- Dumping data for table `time_slot`
--

LOCK TABLES `time_slot` WRITE;
/*!40000 ALTER TABLE `time_slot` DISABLE KEYS */;
INSERT INTO `time_slot` VALUES (1,'07:00:00','08:00:00'),(2,'09:30:00','10:30:00'),(3,'13:00:00','14:00:00'),(4,'18:30:00','19:30:00'),(5,'20:00:00','21:00:00');
/*!40000 ALTER TABLE `time_slot` ENABLE KEYS */;
UNLOCK TABLES;

--
-- Table structure for table `trainer`
--

DROP TABLE IF EXISTS `trainer`;
/*!40101 SET @saved_cs_client     = @@character_set_client */;
/*!50503 SET character_set_client = utf8mb4 */;
CREATE TABLE `trainer` (
  `trainer_id` int NOT NULL,
  `name` varchar(45) NOT NULL,
  `phone` varchar(45) NOT NULL,
  `email` varchar(45) DEFAULT NULL,
  `hire_date` datetime NOT NULL,
  `t_branch_id` int DEFAULT NULL,
  `certification_id` int DEFAULT NULL,
  PRIMARY KEY (`trainer_id`),
  UNIQUE KEY `phone_UNIQUE` (`phone`),
  KEY `t_branch_id` (`t_branch_id`),
  KEY `certification_id` (`certification_id`),
  CONSTRAINT `trainer_ibfk_1` FOREIGN KEY (`t_branch_id`) REFERENCES `branch` (`branch_id`),
  CONSTRAINT `trainer_ibfk_2` FOREIGN KEY (`certification_id`) REFERENCES `certificate` (`certificate_id`)
) ENGINE=InnoDB DEFAULT CHARSET=utf8mb4 COLLATE=utf8mb4_0900_ai_ci;
/*!40101 SET character_set_client = @saved_cs_client */;

--
-- Dumping data for table `trainer`
--

LOCK TABLES `trainer` WRITE;
/*!40000 ALTER TABLE `trainer` DISABLE KEYS */;
INSERT INTO `trainer` VALUES (1201,'Ayşe Yılmaz','05310000001','ayse.yilmaz@gym.com','2023-01-15 00:00:00',1,102),(1202,'Kemal Arı','05310000002','kemal.ari@gym.com','2022-08-01 00:00:00',1,103),(1203,'Mehmet Güç','05310000003','mehmet.guc@gym.com','2023-02-10 00:00:00',1,106),(1204,'Selin Kara','05310000004','selin.kara@gym.com','2024-01-11 00:00:00',1,108),(1205,'Deniz Çetin','05310000005','deniz.cetin@gym.com','2023-03-12 00:00:00',1,110),(1206,'Burcu Yıldız','05310000006','burcu.yildiz@gym.com','2023-05-20 00:00:00',1,109),(1207,'Alper Aksoy','05310000007','alper.aksoy@gym.com','2023-05-21 00:00:00',1,111),(1211,'Büşra Sarı','05320000001','busra.sari@gym.com','2023-02-01 00:00:00',2,102),(1212,'Murat Sönmez','05320000002','murat.sonmez@gym.com','2023-01-10 00:00:00',2,103),(1213,'Ahmet Tuna','05320000003','ahmet.tuna@gym.com','2023-04-18 00:00:00',2,105),(1214,'Seda Uras','05320000004','seda.uras@gym.com','2023-07-21 00:00:00',2,108),(1215,'Hasan Kaya','05320000005','hasan.kaya@gym.com','2023-05-30 00:00:00',2,111),(1216,'Derya Koral','05320000006','derya.koral@gym.com','2023-06-07 00:00:00',2,109),(1221,'Ezgi Yıldırım','05330000001','ezgi.yildirim@gym.com','2023-04-01 00:00:00',3,102),(1222,'Eren Karaca','05330000002','eren.karaca@gym.com','2024-01-15 00:00:00',3,103),(1223,'Tolga Kar','05330000003','tolga.kar@gym.com','2023-03-17 00:00:00',3,106),(1224,'Ceyda Er','05330000004','ceyda.er@gym.com','2023-10-01 00:00:00',3,108),(1225,'Nihan Soy','05330000005','nihan.soy@gym.com','2024-02-18 00:00:00',3,109),(1226,'Melih Polat','05330000006','melih.polat@gym.com','2024-03-05 00:00:00',3,111),(1231,'Selçuk Kar','05340000001','selcuk.kar@gym.com','2023-06-11 00:00:00',4,105),(1232,'Hilal Gök','05340000002','hilal.gok@gym.com','2023-11-20 00:00:00',4,108),(1233,'Orhan Uz','05340000003','orhan.uz@gym.com','2023-12-01 00:00:00',4,106),(1241,'Pelin Dağ','05350000001','pelin.dag@gym.com','2023-03-01 00:00:00',5,102),(1242,'Kaan Bulut','05350000002','kaan.bulut@gym.com','2022-12-25 00:00:00',5,103),(1243,'Efe Ay','05350000003','efe.ay@gym.com','2023-07-08 00:00:00',5,106),(1244,'Aslı Top','05350000004','asli.top@gym.com','2023-02-23 00:00:00',5,108),(1245,'Deniz Öz','05350000005','deniz.oz@gym.com','2024-01-14 00:00:00',5,109),(1246,'Metin Er','05350000006','metin.er@gym.com','2024-02-16 00:00:00',5,111),(1251,'Gülçin Tüm','05360000001','gulcin.tum@gym.com','2023-06-09 00:00:00',6,109),(1252,'Baran Bal','05360000002','baran.bal@gym.com','2022-12-11 00:00:00',6,111),(1253,'Özge Nur','05360000003','ozge.nur@gym.com','2023-04-22 00:00:00',6,103),(1261,'İlker Koy','05370000001','ilker.koy@gym.com','2023-09-11 00:00:00',7,105),(1262,'Naz Şen','05370000002','naz.sen@gym.com','2023-07-28 00:00:00',7,103),(1263,'Serhat Üst','05370000003','serhat.ust@gym.com','2023-12-01 00:00:00',7,108),(1271,'Arda Kar','05380000001','arda.kar@gym.com','2024-02-19 00:00:00',8,102),(1272,'Ecem Nur','05380000002','ecem.nur@gym.com','2024-03-02 00:00:00',8,103),(1273,'Yiğit Soy','05380000003','yigit.soy@gym.com','2023-06-16 00:00:00',8,106),(1281,'Aylin Es','05390000001','aylin.es@gym.com','2024-01-22 00:00:00',9,108),(1282,'Ferhat Uy','05390000002','ferhat.uy@gym.com','2023-08-12 00:00:00',9,106),(1291,'Elif Dağ','05391000001','elif.dag@gym.com','2024-01-10 00:00:00',10,102),(1292,'Onur Kılıç','05391000002','onur.kilic@gym.com','2023-09-19 00:00:00',10,106),(1301,'Seda Kal','05311000001','seda.kal@gym.com','2023-11-19 00:00:00',11,105),(1302,'Betül Öz','05311000002','betul.oz@gym.com','2023-09-07 00:00:00',11,101),(1311,'Aras Güç','05312000001','aras.guc@gym.com','2023-05-22 00:00:00',12,106),(1312,'Cansu İl','05312000002','cansu.il@gym.com','2024-02-14 00:00:00',12,108),(1313,'Ahmet Alp','05436537986','alppahmet@gym.com','2024-04-26 00:00:00',12,107),(1314,'Selin Akkurt','05370003456','selnakkurt@gym.com','2024-12-23 00:00:00',12,101);
/*!40000 ALTER TABLE `trainer` ENABLE KEYS */;
UNLOCK TABLES;
/*!40103 SET TIME_ZONE=@OLD_TIME_ZONE */;

/*!40101 SET SQL_MODE=@OLD_SQL_MODE */;
/*!40014 SET FOREIGN_KEY_CHECKS=@OLD_FOREIGN_KEY_CHECKS */;
/*!40014 SET UNIQUE_CHECKS=@OLD_UNIQUE_CHECKS */;
/*!40101 SET CHARACTER_SET_CLIENT=@OLD_CHARACTER_SET_CLIENT */;
/*!40101 SET CHARACTER_SET_RESULTS=@OLD_CHARACTER_SET_RESULTS */;
/*!40101 SET COLLATION_CONNECTION=@OLD_COLLATION_CONNECTION */;
/*!40111 SET SQL_NOTES=@OLD_SQL_NOTES */;

-- Dump completed on 2025-12-03 16:03:49
